status,ticker,price,timestamp,position_type
open,TSLA,123.86,2022-12-23 09:42:00-05:00,short
close,TSLA,126.24,2022-12-23 10:30:00-05:00,short
open,TSLA,117.1,2022-12-27 09:36:00-05:00,long
close,TSLA,115.8,2022-12-27 09:45:00-05:00,long
open,NFLX,290.67,2022-12-27 10:48:00-05:00,short
close,NFLX,284.72,2022-12-27 15:55:00-05:00,short
open,TSLA,113.3499,2022-12-28 09:37:00-05:00,long
close,TSLA,111.875,2022-12-28 10:05:00-05:00,long
open,SNOW,141.63,2022-12-30 09:36:00-05:00,long
close,SNOW,140.5,2022-12-30 09:45:00-05:00,long
open,TSLA,122.27,2022-12-30 09:48:00-05:00,long
close,TSLA,121.31,2022-12-30 11:15:00-05:00,long
open,PDD,88.14,2023-01-03 09:37:00-05:00,long
close,PDD,87.2894,2023-01-03 09:35:00-05:00,long
open,NFLX,295.59,2023-01-03 09:37:00-05:00,short
close,NFLX,295.53,2023-01-03 15:55:00-05:00,short
open,TSLA,115.8903,2023-01-03 09:43:00-05:00,short
close,TSLA,108.142,2023-01-03 15:55:00-05:00,short
open,META,123.85,2023-01-03 09:48:00-05:00,long
close,META,122.8475,2023-01-03 09:55:00-05:00,long
open,CRM,140.29,2023-01-04 09:37:00-05:00,short
close,CRM,139.445,2023-01-04 15:55:00-05:00,short
open,BABA,97.7697,2023-01-04 09:38:00-05:00,short
close,BABA,98.571,2023-01-04 10:20:00-05:00,short
open,PDD,89.55,2023-01-04 09:37:00-05:00,short
close,PDD,90.588,2023-01-04 10:20:00-05:00,short
open,V,211.11,2023-01-04 09:39:00-05:00,long
close,V,212.0193,2023-01-04 15:55:00-05:00,long
open,CVX,172.11,2023-01-04 09:48:00-05:00,long
close,CVX,171.8,2023-01-04 15:55:00-05:00,long
open,BA,207.47,2023-01-06 09:36:00-05:00,long
close,BA,204.4,2023-01-06 09:40:00-05:00,long
open,NFLX,316.1719,2023-01-09 09:45:00-05:00,short
close,NFLX,318.69,2023-01-09 11:10:00-05:00,short
open,BA,205.9394,2023-01-10 09:38:00-05:00,long
close,BA,207.04,2023-01-10 15:55:00-05:00,long
open,NFLX,316.14,2023-01-10 09:46:00-05:00,long
close,NFLX,327.725,2023-01-10 15:55:00-05:00,long
open,MRNA,185.5,2023-01-10 09:52:00-05:00,long
close,MRNA,189.6,2023-01-10 15:55:00-05:00,long
open,MSFT,232.23,2023-01-11 09:53:00-05:00,long
close,MSFT,235.615,2023-01-11 15:55:00-05:00,long
open,NFLX,326.446,2023-01-12 10:00:00-05:00,short
close,NFLX,329.53,2023-01-12 10:10:00-05:00,short
open,SNOW,137.59,2023-01-12 09:39:00-05:00,short
close,SNOW,138.67,2023-01-12 10:40:00-05:00,short
open,TSLA,117.22,2023-01-13 09:36:00-05:00,long
close,TSLA,116.22,2023-01-13 09:40:00-05:00,long
open,TSLA,126.68,2023-01-17 09:36:00-05:00,long
close,TSLA,131.52,2023-01-17 15:55:00-05:00,long
open,NFLX,326.665,2023-01-17 09:49:00-05:00,short
close,NFLX,326.32,2023-01-17 15:55:00-05:00,short
open,SNOW,145.09,2023-01-18 09:43:00-05:00,short
close,SNOW,146.94,2023-01-18 10:05:00-05:00,short
open,SCHW,76.48,2023-01-19 09:38:00-05:00,short
close,SCHW,77.12,2023-01-19 09:40:00-05:00,short
open,MSFT,233.12,2023-01-25 09:38:00-05:00,short
close,MSFT,236.285,2023-01-25 11:10:00-05:00,short
open,NEE,79.975,2023-01-25 09:39:00-05:00,short
close,NEE,76.705,2023-01-25 15:55:00-05:00,short
open,PANW,156.17,2023-01-26 09:47:00-05:00,long
close,PANW,154.0676,2023-01-26 11:05:00-05:00,long
open,V,230.715,2023-01-27 10:19:00-05:00,long
close,V,228.82,2023-01-27 10:50:00-05:00,long
open,CRM,166.2,2023-01-27 09:36:00-05:00,long
close,CRM,164.46,2023-01-27 10:45:00-05:00,long
open,TSLA,163.99,2023-01-27 09:36:00-05:00,long
close,TSLA,177.86,2023-01-27 15:55:00-05:00,long
open,PDD,97.04,2023-01-30 09:37:00-05:00,short
close,PDD,97.915,2023-01-30 09:55:00-05:00,short
open,TSLA,172.2899,2023-02-01 09:36:00-05:00,short
close,TSLA,175.3015,2023-02-01 09:50:00-05:00,short
open,META,181.527,2023-02-02 09:36:00-05:00,short
close,META,183.1307,2023-02-02 09:55:00-05:00,short
open,COIN,71.255,2023-02-02 09:36:00-05:00,long
close,COIN,82.39,2023-02-02 15:55:00-05:00,long
open,PANW,163.9,2023-02-02 09:39:00-05:00,short
close,PANW,165.19,2023-02-02 09:45:00-05:00,short
open,PDD,101.25,2023-02-02 09:44:00-05:00,short
close,PDD,99.4676,2023-02-02 15:55:00-05:00,short
open,NFLX,364.94,2023-02-02 10:31:00-05:00,short
close,NFLX,367.78,2023-02-02 11:30:00-05:00,short
open,NET,59.78,2023-02-03 14:56:00-05:00,long
close,NET,59.42,2023-02-03 15:55:00-05:00,long
open,META,187.71,2023-02-03 14:57:00-05:00,long
close,META,187.0,2023-02-03 15:55:00-05:00,long
open,DDOG,81.63,2023-02-03 09:36:00-05:00,long
close,DDOG,80.9971,2023-02-03 13:05:00-05:00,long
open,W,68.27,2023-02-03 13:43:00-05:00,long
close,W,67.6,2023-02-03 14:20:00-05:00,long
open,TSLA,188.97,2023-02-03 13:45:00-05:00,long
close,TSLA,190.178,2023-02-03 15:55:00-05:00,long
open,TSLA,196.03,2023-02-06 09:36:00-05:00,long
close,TSLA,194.13,2023-02-06 09:35:00-05:00,long
open,ENPH,224.61,2023-02-06 09:36:00-05:00,long
close,ENPH,222.65,2023-02-06 13:40:00-05:00,long
open,GOOG,101.6989,2023-02-08 09:41:00-05:00,short
close,GOOG,99.92,2023-02-08 15:55:00-05:00,short
open,BIDU,154.71,2023-02-08 09:37:00-05:00,short
close,BIDU,152.24,2023-02-08 15:55:00-05:00,short
open,NFLX,359.66,2023-02-08 11:23:00-05:00,long
close,NFLX,366.705,2023-02-08 15:55:00-05:00,long
open,BILL,102.015,2023-02-08 11:14:00-05:00,long
close,BILL,101.19,2023-02-08 11:20:00-05:00,long
open,BAX,40.105,2023-02-09 10:00:00-05:00,short
close,BAX,40.5,2023-02-09 10:20:00-05:00,short
open,TSLA,204.0668,2023-02-10 09:38:00-05:00,long
close,TSLA,201.033,2023-02-10 09:40:00-05:00,long
open,PDD,92.835,2023-02-13 09:36:00-05:00,short
close,PDD,93.6,2023-02-13 09:45:00-05:00,short
open,META,177.8901,2023-02-13 09:38:00-05:00,short
close,META,179.36,2023-02-13 09:35:00-05:00,short
open,ABNB,134.26,2023-02-15 09:36:00-05:00,long
close,ABNB,136.84,2023-02-15 15:55:00-05:00,long
open,BIDU,152.5,2023-02-15 09:37:00-05:00,short
close,BIDU,154.065,2023-02-15 10:15:00-05:00,short
open,DVN,57.935,2023-02-15 09:43:00-05:00,short
close,DVN,57.26,2023-02-15 15:55:00-05:00,short
open,RBLX,43.7,2023-02-15 09:39:00-05:00,long
close,RBLX,44.855,2023-02-15 15:55:00-05:00,long
open,NFLX,354.9303,2023-02-16 10:18:00-05:00,short
close,NFLX,358.6977,2023-02-16 10:35:00-05:00,short
open,DASH,67.855,2023-02-17 09:47:00-05:00,short
close,DASH,61.62,2023-02-17 15:55:00-05:00,short
open,CRM,166.42,2023-02-17 09:37:00-05:00,long
close,CRM,164.66,2023-02-17 09:40:00-05:00,long
open,BIDU,138.495,2023-02-21 09:40:00-05:00,long
close,BIDU,140.96,2023-02-21 15:55:00-05:00,long
open,META,174.8554,2023-02-21 09:51:00-05:00,long
close,META,173.4445,2023-02-21 10:10:00-05:00,long
open,BA,209.7001,2023-02-21 09:37:00-05:00,long
close,BA,207.9048,2023-02-21 09:55:00-05:00,long
open,COIN,64.1373,2023-02-22 09:37:00-05:00,long
close,COIN,63.5,2023-02-22 10:00:00-05:00,long
open,SNOW,153.15,2023-02-22 09:37:00-05:00,long
close,SNOW,151.1977,2023-02-22 10:00:00-05:00,long
open,BABA,97.2,2023-02-23 09:36:00-05:00,short
close,BABA,98.15,2023-02-23 09:45:00-05:00,short
open,PANW,186.96,2023-02-23 10:14:00-05:00,short
close,PANW,188.57,2023-02-23 10:25:00-05:00,short
open,BABA,90.7745,2023-02-24 09:44:00-05:00,long
close,BABA,90.07,2023-02-24 10:15:00-05:00,long
open,SQ,76.37,2023-02-24 11:27:00-05:00,short
close,SQ,76.975,2023-02-24 11:45:00-05:00,short
open,BIDU,132.34,2023-02-24 09:36:00-05:00,long
close,BIDU,131.14,2023-02-24 11:10:00-05:00,long
open,PANW,186.36,2023-02-24 09:39:00-05:00,long
close,PANW,184.87,2023-02-24 10:50:00-05:00,long
open,ZM,74.9429,2023-02-28 09:36:00-05:00,short
close,ZM,75.78,2023-02-28 11:05:00-05:00,short
open,AMC,79.0,2023-02-28 09:51:00-05:00,long
close,AMC,78.035,2023-02-28 10:45:00-05:00,long
open,BABA,92.18,2023-03-01 09:41:00-05:00,short
close,BABA,89.96,2023-03-01 15:55:00-05:00,short
open,AMC,68.27,2023-03-01 09:38:00-05:00,short
close,AMC,68.9,2023-03-01 09:35:00-05:00,short
open,SNOW,134.245,2023-03-02 09:37:00-05:00,short
close,SNOW,135.4381,2023-03-02 10:50:00-05:00,short
open,TSLA,187.45,2023-03-02 09:36:00-05:00,long
close,TSLA,190.865,2023-03-02 15:55:00-05:00,long
open,NFLX,312.765,2023-03-03 09:37:00-05:00,short
close,NFLX,315.46,2023-03-03 09:45:00-05:00,short
open,SE,73.02,2023-03-07 09:36:00-05:00,long
close,SE,80.16,2023-03-07 15:55:00-05:00,long
open,BIDU,146.4,2023-03-07 09:36:00-05:00,long
close,BIDU,144.61,2023-03-07 09:40:00-05:00,long
open,TSLA,183.95,2023-03-08 09:41:00-05:00,short
close,TSLA,181.75,2023-03-08 15:55:00-05:00,short
open,PDD,88.55,2023-03-09 09:53:00-05:00,short
close,PDD,89.695,2023-03-09 09:55:00-05:00,short
open,META,187.5999,2023-03-09 09:49:00-05:00,long
close,META,185.815,2023-03-09 10:15:00-05:00,long
open,NFLX,311.58,2023-03-09 09:46:00-05:00,short
close,NFLX,298.04,2023-03-09 15:55:00-05:00,short
open,TSLA,181.9437,2023-03-09 10:11:00-05:00,long
close,TSLA,179.6101,2023-03-09 12:00:00-05:00,long
open,SCHW,61.6,2023-03-10 09:37:00-05:00,short
close,SCHW,62.17,2023-03-10 10:55:00-05:00,short
open,NFLX,296.6321,2023-03-10 10:00:00-05:00,short
close,NFLX,291.995,2023-03-10 15:55:00-05:00,short
open,FITB,24.99,2023-03-13 11:09:00-04:00,short
close,FITB,25.81,2023-03-13 11:15:00-04:00,short
open,CVX,154.82,2023-03-13 09:39:00-04:00,short
close,CVX,156.135,2023-03-13 09:40:00-04:00,short
open,HD,288.22,2023-03-13 12:32:00-04:00,long
close,HD,286.22,2023-03-13 15:55:00-04:00,long
open,V,213.52,2023-03-13 09:45:00-04:00,short
close,V,215.17,2023-03-13 10:30:00-04:00,short
open,COP,100.16,2023-03-13 09:36:00-04:00,short
close,COP,101.02,2023-03-13 09:40:00-04:00,short
open,META,177.5203,2023-03-13 09:47:00-04:00,short
close,META,178.92,2023-03-13 09:45:00-04:00,short
open,ZION,35.09,2023-03-14 09:36:00-04:00,short
close,ZION,30.21,2023-03-14 15:55:00-04:00,short
open,META,189.95,2023-03-14 09:36:00-04:00,long
close,META,193.6578,2023-03-14 15:55:00-04:00,long
open,FITB,27.93,2023-03-14 09:36:00-04:00,short
close,FITB,26.14,2023-03-14 15:55:00-04:00,short
open,NFLX,295.025,2023-03-14 09:40:00-04:00,long
close,NFLX,292.68,2023-03-14 09:45:00-04:00,long
open,TSLA,179.58,2023-03-14 09:51:00-04:00,long
close,TSLA,182.66,2023-03-14 15:55:00-04:00,long
open,MS,91.285,2023-03-14 09:42:00-04:00,short
close,MS,89.745,2023-03-14 15:55:00-04:00,short
open,MSFT,261.12,2023-03-15 09:37:00-04:00,long
close,MSFT,264.32,2023-03-15 15:55:00-04:00,long
open,JPM,130.0,2023-03-15 09:38:00-04:00,short
close,JPM,127.68,2023-03-15 15:55:00-04:00,short
open,BA,201.1722,2023-03-15 09:36:00-04:00,short
close,BA,197.54,2023-03-15 15:55:00-04:00,short
open,CRM,181.675,2023-03-15 09:56:00-04:00,long
close,CRM,180.23,2023-03-15 10:30:00-04:00,long
open,META,193.2726,2023-03-15 09:36:00-04:00,long
close,META,191.7201,2023-03-15 10:30:00-04:00,long
open,ABNB,113.32,2023-03-15 09:41:00-04:00,short
close,ABNB,113.02,2023-03-15 15:55:00-04:00,short
open,MSFT,265.11,2023-03-16 09:39:00-04:00,short
close,MSFT,267.45,2023-03-16 11:15:00-04:00,short
open,NFLX,304.462,2023-03-16 09:40:00-04:00,short
close,NFLX,307.885,2023-03-16 10:45:00-04:00,short
open,CVX,150.965,2023-03-16 09:36:00-04:00,long
close,CVX,154.03,2023-03-16 15:55:00-04:00,long
open,META,200.621,2023-03-17 09:39:00-04:00,short
close,META,195.68,2023-03-17 15:55:00-04:00,short
open,WAL,33.05,2023-03-17 09:40:00-04:00,short
close,WAL,34.25,2023-03-17 09:40:00-04:00,short
open,PDD,75.9,2023-03-20 09:37:00-04:00,short
close,PDD,77.45,2023-03-20 09:35:00-04:00,short
open,META,202.715,2023-03-21 15:49:00-04:00,short
close,META,202.59,2023-03-21 15:55:00-04:00,short
open,BA,201.17,2023-03-22 14:05:00-04:00,short
close,BA,196.56,2023-03-22 15:55:00-04:00,short
open,SQ,58.0,2023-03-23 09:36:00-04:00,short
close,SQ,58.47,2023-03-23 09:40:00-04:00,short
open,MSFT,277.75,2023-03-23 10:15:00-04:00,short
close,MSFT,280.0184,2023-03-23 10:45:00-04:00,short
open,SNOW,137.44,2023-03-23 09:38:00-04:00,short
close,SNOW,138.67,2023-03-23 10:45:00-04:00,short
open,AMD,99.89,2023-03-23 09:36:00-04:00,short
close,AMD,101.095,2023-03-23 09:55:00-04:00,short
open,NFLX,327.01,2023-03-24 09:39:00-04:00,long
close,NFLX,327.2715,2023-03-24 15:55:00-04:00,long
open,META,206.36,2023-03-24 09:36:00-04:00,long
close,META,204.698,2023-03-24 11:10:00-04:00,long
open,TSLA,195.745,2023-03-27 09:56:00-04:00,long
close,TSLA,193.75,2023-03-27 10:40:00-04:00,long
open,META,199.31,2023-03-28 09:43:00-04:00,short
close,META,200.738,2023-03-28 15:55:00-04:00,short
open,BABA,102.3452,2023-03-30 09:38:00-04:00,long
close,BABA,103.295,2023-03-30 15:55:00-04:00,long
open,CRM,196.53,2023-03-30 09:46:00-04:00,short
close,CRM,196.75,2023-03-30 15:55:00-04:00,short
open,NFLX,339.4399,2023-03-31 09:38:00-04:00,short
close,NFLX,342.28,2023-03-31 12:25:00-04:00,short
open,COP,107.01,2023-04-03 11:01:00-04:00,long
close,COP,108.56,2023-04-03 15:55:00-04:00,long
open,BA,212.8301,2023-04-04 09:39:00-04:00,long
close,BA,210.929,2023-04-04 10:15:00-04:00,long
open,SNOW,153.66,2023-04-05 09:42:00-04:00,short
close,SNOW,146.16,2023-04-05 15:55:00-04:00,short
open,TSLA,181.08,2023-04-06 09:37:00-04:00,short
close,TSLA,182.65,2023-04-06 10:00:00-04:00,short
open,NFLX,337.2,2023-04-06 10:14:00-04:00,short
close,NFLX,339.875,2023-04-06 14:30:00-04:00,short
open,SNOW,142.17,2023-04-06 09:38:00-04:00,short
close,SNOW,143.7453,2023-04-06 10:05:00-04:00,short
open,BA,200.885,2023-04-14 09:36:00-04:00,short
close,BA,202.4,2023-04-14 12:25:00-04:00,short
open,RBLX,40.6894,2023-04-17 09:36:00-04:00,long
close,RBLX,40.12,2023-04-17 09:40:00-04:00,long
open,MSFT,290.46,2023-04-18 09:48:00-04:00,short
close,MSFT,288.42,2023-04-18 15:55:00-04:00,short
open,ABT,109.5444,2023-04-19 09:54:00-04:00,short
close,ABT,110.52,2023-04-19 10:10:00-04:00,short
open,TSLA,179.41,2023-04-19 09:38:00-04:00,long
close,TSLA,180.27,2023-04-19 15:55:00-04:00,long
open,NFLX,319.2225,2023-04-20 09:36:00-04:00,long
close,NFLX,325.34,2023-04-20 15:55:00-04:00,long
open,PG,156.46,2023-04-21 09:56:00-04:00,long
close,PG,156.245,2023-04-21 15:55:00-04:00,long
open,TSLA,162.7,2023-04-21 09:49:00-04:00,short
close,TSLA,164.13,2023-04-21 10:10:00-04:00,short
open,SNOW,137.8332,2023-04-25 09:36:00-04:00,short
close,SNOW,135.7,2023-04-25 15:55:00-04:00,short
open,META,210.53,2023-04-25 09:38:00-04:00,short
close,META,207.27,2023-04-25 15:55:00-04:00,short
open,MSFT,295.67,2023-04-26 09:37:00-04:00,short
close,MSFT,298.658,2023-04-26 11:55:00-04:00,short
open,COIN,57.642,2023-04-26 09:58:00-04:00,short
close,COIN,58.075,2023-04-26 10:05:00-04:00,short
open,NFLX,323.1989,2023-04-26 09:41:00-04:00,long
close,NFLX,321.65,2023-04-26 15:55:00-04:00,long
open,NFLX,322.2,2023-04-27 09:38:00-04:00,short
close,NFLX,325.04,2023-04-27 11:35:00-04:00,short
open,ENPH,158.5399,2023-04-28 09:36:00-04:00,short
close,ENPH,160.185,2023-04-28 10:15:00-04:00,short
open,TSLA,158.835,2023-04-28 09:57:00-04:00,short
close,TSLA,160.74,2023-04-28 10:05:00-04:00,short
open,FHN,9.35,2023-05-04 09:37:00-04:00,long
close,FHN,9.07,2023-05-04 09:40:00-04:00,long
open,DDOG,73.05,2023-05-04 09:41:00-04:00,long
close,DDOG,75.445,2023-05-04 15:55:00-04:00,long
open,CMA,35.74,2023-05-05 09:44:00-04:00,short
close,CMA,36.1,2023-05-05 11:10:00-04:00,short
open,MCHP,72.8525,2023-05-05 09:37:00-04:00,long
close,MCHP,75.14,2023-05-05 15:55:00-04:00,long
open,NFLX,321.6,2023-05-05 09:47:00-04:00,short
close,NFLX,322.76,2023-05-05 15:55:00-04:00,short
open,BA,203.445,2023-05-09 09:38:00-04:00,long
close,BA,201.765,2023-05-09 10:40:00-04:00,long
open,SNOW,160.915,2023-05-09 09:37:00-04:00,long
close,SNOW,164.1,2023-05-09 15:55:00-04:00,long
open,MSFT,307.765,2023-05-11 09:43:00-04:00,short
close,MSFT,310.09,2023-05-11 11:30:00-04:00,short
open,DIS,93.31,2023-05-11 09:40:00-04:00,short
close,DIS,92.38,2023-05-11 15:55:00-04:00,short
open,BA,205.15,2023-05-17 09:38:00-04:00,long
close,BA,206.95,2023-05-17 15:55:00-04:00,long
open,FSLR,211.635,2023-05-17 09:41:00-04:00,short
close,FSLR,209.7,2023-05-17 15:55:00-04:00,short
open,NFLX,367.73,2023-05-19 09:57:00-04:00,short
close,NFLX,365.52,2023-05-19 15:55:00-04:00,short
open,META,248.11,2023-05-22 15:39:00-04:00,long
close,META,248.24,2023-05-22 15:55:00-04:00,long
open,TSLA,187.32,2023-05-23 09:37:00-04:00,long
close,TSLA,185.64,2023-05-23 14:20:00-04:00,long
open,NFLX,359.8801,2023-05-24 10:02:00-04:00,long
close,NFLX,364.675,2023-05-24 15:55:00-04:00,long
open,TMUS,135.71,2023-05-25 09:36:00-04:00,short
close,TMUS,136.82,2023-05-25 10:00:00-04:00,short
open,TSLA,185.65,2023-05-25 09:38:00-04:00,short
close,TSLA,184.5904,2023-05-25 15:55:00-04:00,short
open,PANW,204.14,2023-05-25 09:37:00-04:00,short
close,PANW,205.87,2023-05-25 09:35:00-04:00,short
open,NFLX,402.23,2023-05-30 09:36:00-04:00,long
close,NFLX,395.85,2023-05-30 09:35:00-04:00,long
open,COIN,62.38,2023-05-30 09:44:00-04:00,long
close,COIN,61.8,2023-05-30 09:50:00-04:00,long
open,AMD,129.025,2023-05-30 09:36:00-04:00,short
close,AMD,125.245,2023-05-30 15:55:00-04:00,short
open,AMAT,134.5,2023-05-31 09:42:00-04:00,long
close,AMAT,133.375,2023-05-31 10:20:00-04:00,long
open,ABBV,132.2,2023-06-01 09:36:00-04:00,short
close,ABBV,133.21,2023-06-01 11:10:00-04:00,short
open,AI,31.4799,2023-06-01 09:42:00-04:00,short
close,AI,31.81,2023-06-01 09:40:00-04:00,short
open,V,223.5,2023-06-01 10:19:00-04:00,long
close,V,226.38,2023-06-01 15:55:00-04:00,long
open,HD,282.825,2023-06-01 10:06:00-04:00,short
close,HD,285.37,2023-06-01 10:30:00-04:00,short
open,SNOW,179.74,2023-06-02 09:46:00-04:00,long
close,SNOW,176.92,2023-06-02 10:00:00-04:00,long
open,S,13.765,2023-06-02 09:47:00-04:00,long
close,S,13.53,2023-06-02 09:50:00-04:00,long
open,NET,67.38,2023-06-05 09:40:00-04:00,short
close,NET,68.35,2023-06-05 10:00:00-04:00,short
open,CRM,210.685,2023-06-05 09:43:00-04:00,short
close,CRM,210.2,2023-06-05 15:55:00-04:00,short
open,SNOW,182.3699,2023-06-06 09:36:00-04:00,long
close,SNOW,182.13,2023-06-06 15:55:00-04:00,long
open,NFLX,400.745,2023-06-06 09:36:00-04:00,short
close,NFLX,399.67,2023-06-06 15:55:00-04:00,short
open,TSLA,214.575,2023-06-06 09:48:00-04:00,short
close,TSLA,216.81,2023-06-06 10:40:00-04:00,short
open,SNOW,166.905,2023-06-08 09:36:00-04:00,long
close,SNOW,174.21,2023-06-08 15:55:00-04:00,long
open,ADBE,462.0442,2023-06-12 09:38:00-04:00,short
close,ADBE,465.875,2023-06-12 10:20:00-04:00,short
open,NFLX,432.5943,2023-06-13 09:39:00-04:00,long
close,NFLX,435.9,2023-06-13 15:55:00-04:00,long
open,CRM,213.02,2023-06-13 09:36:00-04:00,short
close,CRM,208.93,2023-06-13 15:55:00-04:00,short
open,TSLA,259.38,2023-06-14 10:15:00-04:00,short
close,TSLA,256.18,2023-06-14 15:55:00-04:00,short
open,NFLX,441.855,2023-06-15 09:36:00-04:00,short
close,NFLX,446.6,2023-06-15 10:40:00-04:00,short
open,AMD,124.25,2023-06-15 09:41:00-04:00,short
close,AMD,124.305,2023-06-15 15:55:00-04:00,short
open,MU,67.61,2023-06-16 09:38:00-04:00,short
close,MU,67.645,2023-06-16 15:55:00-04:00,short
open,TSLA,263.72,2023-06-20 10:15:00-04:00,long
close,TSLA,274.4025,2023-06-20 15:55:00-04:00,long
open,ADBE,476.0,2023-06-23 09:46:00-04:00,long
close,ADBE,487.2,2023-06-23 15:55:00-04:00,long
open,NFLX,421.6,2023-06-23 09:45:00-04:00,long
close,NFLX,418.12,2023-06-23 11:30:00-04:00,long
open,META,288.8994,2023-06-26 09:48:00-04:00,short
close,META,278.87,2023-06-26 15:55:00-04:00,short
open,TSLA,253.61,2023-06-26 09:39:00-04:00,long
close,TSLA,251.246,2023-06-26 11:05:00-04:00,long
open,PANW,246.84,2023-06-26 11:21:00-04:00,long
close,PANW,244.8,2023-06-26 12:40:00-04:00,long
open,MSFT,332.31,2023-06-27 09:40:00-04:00,long
close,MSFT,329.7298,2023-06-27 11:00:00-04:00,long
open,ADBE,481.33,2023-06-27 10:21:00-04:00,long
close,ADBE,488.66,2023-06-27 15:55:00-04:00,long
open,NFLX,429.0573,2023-06-28 09:37:00-04:00,long
close,NFLX,425.54,2023-06-28 09:40:00-04:00,long
open,SNOW,185.34,2023-06-28 09:40:00-04:00,long
close,SNOW,183.5,2023-06-28 14:20:00-04:00,long
open,META,286.22,2023-06-28 09:45:00-04:00,long
close,META,284.6896,2023-06-28 15:55:00-04:00,long
open,BA,210.47,2023-06-28 09:36:00-04:00,short
close,BA,210.56,2023-06-28 15:55:00-04:00,short
open,MU,65.32,2023-06-29 09:36:00-04:00,short
close,MU,64.5,2023-06-29 15:55:00-04:00,short
open,V,231.86,2023-06-29 10:07:00-04:00,long
close,V,233.98,2023-06-29 15:55:00-04:00,long
open,ADBE,484.95,2023-06-30 09:37:00-04:00,long
close,ADBE,489.195,2023-06-30 15:55:00-04:00,long
open,NFLX,437.8,2023-07-03 10:59:00-04:00,short
close,NFLX,441.29,2023-07-03 12:55:00-04:00,short
open,SNOW,174.74,2023-07-05 09:39:00-04:00,short
close,SNOW,173.0614,2023-07-05 15:55:00-04:00,short
open,CRM,210.19,2023-07-06 09:39:00-04:00,short
close,CRM,210.08,2023-07-06 15:55:00-04:00,short
open,NFLX,442.155,2023-07-10 09:39:00-04:00,long
close,NFLX,438.68,2023-07-10 10:05:00-04:00,long
open,NFLX,443.2016,2023-07-12 10:22:00-04:00,short
close,NFLX,443.76,2023-07-12 15:55:00-04:00,short
open,META,314.6,2023-07-13 09:37:00-04:00,long
close,META,312.24,2023-07-13 10:15:00-04:00,long
open,COIN,111.45,2023-07-14 09:36:00-04:00,long
close,COIN,108.71,2023-07-14 10:05:00-04:00,long
open,NFLX,447.855,2023-07-17 14:35:00-04:00,long
close,NFLX,449.71,2023-07-17 15:55:00-04:00,long
open,TSLA,290.4188,2023-07-17 09:39:00-04:00,long
close,TSLA,287.8475,2023-07-17 10:10:00-04:00,long
open,COIN,104.8906,2023-07-18 09:39:00-04:00,long
close,COIN,103.7599,2023-07-18 13:00:00-04:00,long
open,MSFT,359.735,2023-07-19 09:36:00-04:00,short
close,MSFT,355.6,2023-07-19 15:55:00-04:00,short
open,MSFT,354.808,2023-07-20 10:04:00-04:00,long
close,MSFT,351.0754,2023-07-20 10:20:00-04:00,long
open,TSLA,265.9501,2023-07-21 13:29:00-04:00,short
close,TSLA,260.0,2023-07-21 15:55:00-04:00,short
open,SNOW,179.68,2023-07-21 09:36:00-04:00,long
close,SNOW,177.6416,2023-07-21 10:20:00-04:00,long
open,UPST,56.8,2023-07-21 09:36:00-04:00,long
close,UPST,56.27,2023-07-21 09:40:00-04:00,long
open,GE,93.7989,2023-07-25 09:37:00-04:00,long
close,GE,92.6576,2023-07-25 09:45:00-04:00,long
open,TSLA,271.355,2023-07-25 09:38:00-04:00,short
close,TSLA,265.94,2023-07-25 15:55:00-04:00,short
open,BA,212.455,2023-07-25 10:22:00-04:00,short
close,BA,214.08,2023-07-25 12:30:00-04:00,short
open,BA,224.145,2023-07-26 10:41:00-04:00,long
close,BA,232.475,2023-07-26 15:55:00-04:00,long
open,META,298.75,2023-07-26 09:45:00-04:00,short
close,META,301.0965,2023-07-26 14:40:00-04:00,short
open,META,323.89,2023-07-27 09:41:00-04:00,short
close,META,310.5,2023-07-27 15:55:00-04:00,short
open,AMAT,145.785,2023-07-27 14:53:00-04:00,long
close,AMAT,145.89,2023-07-27 15:55:00-04:00,long
open,LRCX,69.454,2023-07-27 10:31:00-04:00,long
close,LRCX,70.097,2023-07-27 15:55:00-04:00,long
open,TTD,88.95,2023-07-27 09:40:00-04:00,long
close,TTD,87.9,2023-07-27 09:50:00-04:00,long
open,NFLX,423.95,2023-07-27 09:37:00-04:00,short
close,NFLX,412.97,2023-07-27 15:55:00-04:00,short
open,NFLX,429.6001,2023-07-31 09:36:00-04:00,long
close,NFLX,438.2,2023-07-31 15:55:00-04:00,long
open,ZI,19.2567,2023-08-01 11:07:00-04:00,short
close,ZI,18.765,2023-08-01 15:55:00-04:00,short
open,COIN,92.61,2023-08-01 09:36:00-04:00,short
close,COIN,93.47,2023-08-01 13:00:00-04:00,short
open,ABNB,148.97,2023-08-01 09:36:00-04:00,short
close,ABNB,150.24,2023-08-01 10:05:00-04:00,short
open,TSLA,264.7201,2023-08-01 09:41:00-04:00,short
close,TSLA,261.09,2023-08-01 15:55:00-04:00,short
open,ABNB,145.595,2023-08-02 09:36:00-04:00,short
close,ABNB,146.99,2023-08-02 10:00:00-04:00,short
open,PDD,87.965,2023-08-03 10:26:00-04:00,long
close,PDD,88.82,2023-08-03 15:55:00-04:00,long
open,AMD,110.2,2023-08-03 09:36:00-04:00,long
close,AMD,113.15,2023-08-03 15:55:00-04:00,long
open,ABNB,142.0,2023-08-04 09:36:00-04:00,long
close,ABNB,140.56,2023-08-04 09:45:00-04:00,long
open,TSLA,262.85,2023-08-04 09:41:00-04:00,long
close,TSLA,260.66,2023-08-04 09:50:00-04:00,long
open,BA,235.4031,2023-08-07 10:22:00-04:00,long
close,BA,238.06,2023-08-07 15:55:00-04:00,long
open,RBLX,30.98,2023-08-09 09:36:00-04:00,short
close,RBLX,29.555,2023-08-09 15:55:00-04:00,short
open,DIS,89.615,2023-08-10 10:28:00-04:00,short
close,DIS,90.6899,2023-08-10 10:55:00-04:00,short
open,PANW,218.485,2023-08-11 09:39:00-04:00,long
close,PANW,216.6,2023-08-11 10:00:00-04:00,long
open,NFLX,420.8,2023-08-14 09:37:00-04:00,short
close,NFLX,424.795,2023-08-14 09:50:00-04:00,short
open,SE,43.69,2023-08-15 09:36:00-04:00,short
close,SE,40.455,2023-08-15 15:55:00-04:00,short
open,COIN,81.52,2023-08-16 09:43:00-04:00,short
close,COIN,78.94,2023-08-16 15:55:00-04:00,short
open,META,298.87,2023-08-16 09:42:00-04:00,short
close,META,294.77,2023-08-16 15:55:00-04:00,short
open,NFLX,399.295,2023-08-18 09:43:00-04:00,long
close,NFLX,404.33,2023-08-18 15:55:00-04:00,long
open,ABNB,125.545,2023-08-18 09:50:00-04:00,short
close,ABNB,124.9,2023-08-18 15:55:00-04:00,short
open,PANW,239.62,2023-08-21 10:23:00-04:00,long
close,PANW,240.295,2023-08-21 15:55:00-04:00,long
open,AMAT,144.635,2023-08-21 09:36:00-04:00,long
close,AMAT,148.99,2023-08-21 15:55:00-04:00,long
open,SNOW,150.5501,2023-08-21 09:38:00-04:00,long
close,SNOW,151.96,2023-08-21 15:55:00-04:00,long
open,MRNA,113.11,2023-08-22 09:37:00-04:00,long
close,MRNA,116.53,2023-08-22 15:55:00-04:00,long
open,NFLX,410.3,2023-08-22 09:37:00-04:00,long
close,NFLX,413.33,2023-08-22 15:55:00-04:00,long
open,META,296.46,2023-08-24 09:56:00-04:00,short
close,META,286.84,2023-08-24 15:55:00-04:00,short
open,NFLX,421.06,2023-08-24 09:38:00-04:00,short
close,NFLX,406.27,2023-08-24 15:55:00-04:00,short
open,AMD,108.6349,2023-08-24 09:37:00-04:00,short
close,AMD,101.785,2023-08-24 15:55:00-04:00,short
open,MRVL,54.21,2023-08-25 09:42:00-04:00,short
close,MRVL,53.565,2023-08-25 15:55:00-04:00,short
open,NFLX,412.9499,2023-08-25 10:07:00-04:00,long
close,NFLX,409.01,2023-08-25 10:50:00-04:00,long
open,TSLA,232.63,2023-08-25 10:07:00-04:00,long
close,TSLA,230.4363,2023-08-25 10:55:00-04:00,long
open,ORCL,119.4595,2023-08-29 09:43:00-04:00,short
close,ORCL,120.465,2023-08-29 11:35:00-04:00,short
open,META,296.93,2023-08-30 10:01:00-04:00,short
close,META,294.895,2023-08-30 15:55:00-04:00,short
open,PDD,101.37,2023-09-05 09:36:00-04:00,long
close,PDD,100.45,2023-09-05 10:25:00-04:00,long
open,META,300.0921,2023-09-06 09:39:00-04:00,short
close,META,298.725,2023-09-06 15:55:00-04:00,short
open,AI,26.7305,2023-09-07 10:17:00-04:00,short
close,AI,26.979,2023-09-07 10:15:00-04:00,short
open,ABNB,140.74,2023-09-07 09:47:00-04:00,long
close,ABNB,139.61,2023-09-07 10:00:00-04:00,long
open,TSLA,253.64,2023-09-08 09:56:00-04:00,long
close,TSLA,251.65,2023-09-08 10:55:00-04:00,long
open,META,301.62,2023-09-08 10:42:00-04:00,long
close,META,299.215,2023-09-08 12:45:00-04:00,long
open,META,304.71,2023-09-11 09:36:00-04:00,long
close,META,302.1715,2023-09-11 11:50:00-04:00,long
open,TSLA,269.6,2023-09-12 09:37:00-04:00,short
close,TSLA,274.12,2023-09-12 09:40:00-04:00,short
open,MSFT,338.62,2023-09-14 09:39:00-04:00,short
close,MSFT,338.7863,2023-09-14 15:55:00-04:00,short
open,MSFT,329.34,2023-09-18 09:37:00-04:00,short
close,MSFT,328.38,2023-09-18 15:55:00-04:00,short
open,META,299.61,2023-09-18 09:36:00-04:00,long
close,META,302.45,2023-09-18 15:55:00-04:00,long
open,NFLX,395.56,2023-09-19 09:39:00-04:00,long
close,NFLX,391.6401,2023-09-19 10:35:00-04:00,long
open,TSLA,266.61,2023-09-19 09:37:00-04:00,long
close,TSLA,262.3964,2023-09-19 09:50:00-04:00,long
open,META,304.827,2023-09-20 10:58:00-04:00,long
close,META,302.51,2023-09-20 14:50:00-04:00,long
open,NFLX,390.1756,2023-09-21 10:02:00-04:00,long
close,NFLX,386.9301,2023-09-21 10:20:00-04:00,long
open,TSLA,255.0699,2023-09-22 10:05:00-04:00,short
close,TSLA,245.0887,2023-09-22 15:55:00-04:00,short
open,MSFT,319.16,2023-09-22 09:45:00-04:00,short
close,MSFT,316.705,2023-09-22 15:55:00-04:00,short
open,TSLA,241.1897,2023-09-25 09:40:00-04:00,short
close,TSLA,243.295,2023-09-25 09:50:00-04:00,short
open,PDD,94.54,2023-09-25 09:44:00-04:00,long
close,PDD,96.51,2023-09-25 15:55:00-04:00,long
open,TSLA,243.69,2023-09-27 09:42:00-04:00,short
close,TSLA,240.51,2023-09-27 15:55:00-04:00,short
open,NKE,97.395,2023-09-29 09:38:00-04:00,short
close,NKE,95.65,2023-09-29 15:55:00-04:00,short
open,TSLA,250.89,2023-09-29 09:37:00-04:00,long
close,TSLA,248.48,2023-09-29 13:10:00-04:00,long
open,DXCM,95.295,2023-09-29 09:39:00-04:00,short
close,DXCM,93.16,2023-09-29 15:55:00-04:00,short
open,NFLX,377.8,2023-10-04 09:40:00-04:00,long
close,NFLX,374.835,2023-10-04 10:25:00-04:00,long
open,MSFT,315.68,2023-10-04 10:02:00-04:00,long
close,MSFT,319.69,2023-10-04 15:55:00-04:00,long
open,TSLA,262.5906,2023-10-05 09:37:00-04:00,long
close,TSLA,260.26,2023-10-05 09:45:00-04:00,long
open,META,303.425,2023-10-05 09:39:00-04:00,long
close,META,300.36,2023-10-05 09:45:00-04:00,long
open,TSLA,263.73,2023-10-12 09:37:00-04:00,long
close,TSLA,261.3355,2023-10-12 09:40:00-04:00,long
open,JPM,151.0199,2023-10-13 10:09:00-04:00,long
close,JPM,149.47,2023-10-13 10:25:00-04:00,long
open,TSLA,257.09,2023-10-13 09:37:00-04:00,short
close,TSLA,251.1,2023-10-13 15:55:00-04:00,short
open,MSFT,331.95,2023-10-16 09:43:00-04:00,long
close,MSFT,333.49,2023-10-16 15:55:00-04:00,long
open,TSLA,253.08,2023-10-16 09:39:00-04:00,long
close,TSLA,254.26,2023-10-16 15:55:00-04:00,long
open,MSFT,330.69,2023-10-17 10:15:00-04:00,short
close,MSFT,333.22,2023-10-17 12:45:00-04:00,short
open,META,323.5,2023-10-18 09:40:00-04:00,long
close,META,320.83,2023-10-18 10:30:00-04:00,long
open,MSFT,333.51,2023-10-18 09:38:00-04:00,long
close,MSFT,330.98,2023-10-18 14:40:00-04:00,long
open,MSFT,333.54,2023-10-19 09:40:00-04:00,long
close,MSFT,332.03,2023-10-19 15:55:00-04:00,long
open,TSLA,206.1907,2023-10-23 09:51:00-04:00,short
close,TSLA,208.5734,2023-10-23 10:10:00-04:00,short
open,MSFT,331.57,2023-10-24 10:38:00-04:00,short
close,MSFT,331.08,2023-10-24 15:55:00-04:00,short
open,VRT,39.125,2023-10-25 09:41:00-04:00,short
close,VRT,40.635,2023-10-25 09:40:00-04:00,short
open,META,303.9,2023-10-25 09:37:00-04:00,short
close,META,307.56,2023-10-25 09:55:00-04:00,short
open,V,236.51,2023-10-25 09:36:00-04:00,long
close,V,234.1,2023-10-25 12:40:00-04:00,long
open,AMZN,125.04,2023-10-25 09:38:00-04:00,short
close,AMZN,121.305,2023-10-25 15:55:00-04:00,short
open,MSFT,339.68,2023-10-26 09:37:00-04:00,short
close,MSFT,328.49,2023-10-26 15:55:00-04:00,short
open,WDC,42.375,2023-10-30 09:37:00-04:00,short
close,WDC,42.701,2023-10-30 09:40:00-04:00,short
open,NFLX,403.28,2023-10-30 09:39:00-04:00,short
close,NFLX,407.865,2023-10-30 10:50:00-04:00,short
open,PINS,28.5599,2023-10-31 09:38:00-04:00,short
close,PINS,29.0655,2023-10-31 09:45:00-04:00,short
open,META,299.695,2023-10-31 09:54:00-04:00,short
close,META,301.08,2023-10-31 15:55:00-04:00,short
open,AMD,100.7799,2023-11-01 09:36:00-04:00,long
close,AMD,108.0583,2023-11-01 15:55:00-04:00,long
open,SBUX,101.0,2023-11-02 09:47:00-04:00,short
close,SBUX,101.82,2023-11-02 09:45:00-04:00,short
open,ABNB,117.05,2023-11-02 09:40:00-04:00,short
close,ABNB,118.048,2023-11-02 09:40:00-04:00,short
open,ENPH,80.64,2023-11-02 09:43:00-04:00,long
close,ENPH,78.88,2023-11-02 09:45:00-04:00,long
open,SHOP,57.17,2023-11-02 09:44:00-04:00,short
close,SHOP,58.245,2023-11-02 09:50:00-04:00,short
open,MRNA,74.19,2023-11-03 09:36:00-04:00,long
close,MRNA,77.69,2023-11-03 15:55:00-04:00,long
open,NFLX,434.23,2023-11-07 10:23:00-05:00,short
close,NFLX,433.91,2023-11-07 15:55:00-05:00,short
open,RBLX,41.5801,2023-11-08 09:36:00-05:00,long
close,RBLX,40.62,2023-11-08 09:35:00-05:00,long
open,BILL,53.2385,2023-11-09 09:36:00-05:00,short
close,BILL,56.0,2023-11-09 10:25:00-05:00,short
open,DXCM,99.23,2023-11-13 09:42:00-05:00,long
close,DXCM,98.295,2023-11-13 09:40:00-05:00,long
open,TSLA,214.3478,2023-11-13 09:49:00-05:00,short
close,TSLA,216.06,2023-11-13 09:55:00-05:00,short
open,ENPH,85.3,2023-11-14 09:36:00-05:00,long
close,ENPH,91.435,2023-11-14 15:55:00-05:00,long
open,ABNB,123.8,2023-11-14 09:38:00-05:00,long
close,ABNB,126.625,2023-11-14 15:55:00-05:00,long
open,MSFT,371.1,2023-11-15 09:39:00-05:00,long
close,MSFT,368.31,2023-11-15 12:40:00-05:00,long
open,TSLA,229.92,2023-11-17 09:58:00-05:00,short
close,TSLA,232.15,2023-11-17 10:15:00-05:00,short
open,MSFT,375.33,2023-11-20 09:38:00-05:00,long
close,MSFT,372.41,2023-11-20 10:15:00-05:00,long
open,BA,213.675,2023-11-20 09:37:00-05:00,long
close,BA,217.81,2023-11-20 15:55:00-05:00,long
open,META,337.97,2023-11-20 09:38:00-05:00,long
close,META,339.25,2023-11-20 15:55:00-05:00,long
open,META,339.94,2023-11-22 09:56:00-05:00,long
close,META,341.71,2023-11-22 15:55:00-05:00,long
open,TSLA,234.07,2023-11-27 09:47:00-05:00,short
close,TSLA,236.0392,2023-11-27 10:35:00-05:00,short
open,PDD,141.2,2023-11-29 09:49:00-05:00,long
close,PDD,139.8625,2023-11-29 10:20:00-05:00,long
open,ENPH,101.9999,2023-11-29 09:36:00-05:00,long
close,ENPH,100.71,2023-11-29 10:00:00-05:00,long
open,TSLA,242.16,2023-11-30 09:54:00-05:00,short
close,TSLA,244.31,2023-11-30 10:30:00-05:00,short
open,CRM,253.045,2023-12-01 09:37:00-05:00,long
close,CRM,260.17,2023-12-01 15:55:00-05:00,long
open,PDD,141.68,2023-12-05 09:38:00-05:00,long
close,PDD,140.54,2023-12-05 09:40:00-05:00,long
open,META,318.18,2023-12-05 09:36:00-05:00,short
close,META,321.0,2023-12-05 10:00:00-05:00,short
open,COIN,141.37,2023-12-06 10:09:00-05:00,short
close,COIN,134.43,2023-12-06 15:55:00-05:00,short
open,GOOGL,136.68,2023-12-07 10:01:00-05:00,long
close,GOOGL,136.82,2023-12-07 15:55:00-05:00,long
open,GOOG,138.17,2023-12-07 10:01:00-05:00,long
close,GOOG,138.295,2023-12-07 15:55:00-05:00,long
open,COIN,134.01,2023-12-07 09:37:00-05:00,long
close,COIN,132.375,2023-12-07 09:40:00-05:00,long
open,AMD,121.45,2023-12-07 09:59:00-05:00,long
close,AMD,128.295,2023-12-07 15:55:00-05:00,long
open,META,325.48,2023-12-11 13:50:00-05:00,short
close,META,325.49,2023-12-11 15:55:00-05:00,short
open,COIN,140.6788,2023-12-11 09:36:00-05:00,short
close,COIN,142.58,2023-12-11 10:10:00-05:00,short
open,TSLA,242.44,2023-12-11 09:38:00-05:00,short
close,TSLA,239.69,2023-12-11 15:55:00-05:00,short
open,COIN,139.94,2023-12-12 10:09:00-05:00,short
close,COIN,139.53,2023-12-12 15:55:00-05:00,short
open,TSLA,235.29,2023-12-12 09:49:00-05:00,short
close,TSLA,237.16,2023-12-12 15:00:00-05:00,short
open,MSFT,375.67,2023-12-13 09:56:00-05:00,long
close,MSFT,371.07,2023-12-13 15:20:00-05:00,long
open,META,335.9982,2023-12-13 09:53:00-05:00,long
close,META,333.24,2023-12-13 13:00:00-05:00,long
open,W,63.05,2023-12-14 09:37:00-05:00,long
close,W,62.28,2023-12-14 13:00:00-05:00,long
open,X,49.44,2023-12-18 09:36:00-05:00,short
close,X,49.8679,2023-12-18 10:30:00-05:00,short
open,COIN,149.0545,2023-12-18 09:42:00-05:00,long
close,COIN,147.92,2023-12-18 10:25:00-05:00,long
open,ENPH,124.53,2023-12-18 09:36:00-05:00,long
close,ENPH,123.155,2023-12-18 10:15:00-05:00,long
open,META,347.805,2023-12-19 09:36:00-05:00,long
close,META,350.38,2023-12-19 15:55:00-05:00,long
open,ENPH,131.2301,2023-12-21 09:52:00-05:00,short
close,ENPH,134.0645,2023-12-21 10:10:00-05:00,short
open,NKE,109.55,2023-12-22 09:37:00-05:00,long
close,NKE,108.67,2023-12-22 10:20:00-05:00,long
open,COIN,177.59,2023-12-27 09:36:00-05:00,long
close,COIN,185.31,2023-12-27 15:55:00-05:00,long
open,META,357.72,2023-12-27 09:47:00-05:00,long
close,META,357.66,2023-12-27 15:55:00-05:00,long
open,COIN,180.8,2023-12-28 09:49:00-05:00,long
close,COIN,185.95,2023-12-28 15:55:00-05:00,long
open,TSLA,264.0432,2023-12-28 09:45:00-05:00,short
close,TSLA,253.0429,2023-12-28 15:55:00-05:00,short
open,COIN,185.33,2023-12-29 09:36:00-05:00,long
close,COIN,183.66,2023-12-29 10:05:00-05:00,long
open,META,358.115,2023-12-29 10:08:00-05:00,short
close,META,353.16,2023-12-29 15:55:00-05:00,short
open,MSTR,70.708,2024-01-02 09:49:00-05:00,long
close,MSTR,69.8895,2024-01-02 10:30:00-05:00,long
open,TSLA,247.355,2024-01-02 09:37:00-05:00,short
close,TSLA,249.5991,2024-01-02 10:00:00-05:00,short
open,CVNA,50.0,2024-01-02 09:36:00-05:00,short
close,CVNA,50.3878,2024-01-02 10:05:00-05:00,short
open,COIN,149.49,2024-01-03 09:45:00-05:00,long
close,COIN,152.53,2024-01-03 15:55:00-05:00,long
open,MSFT,371.09,2024-01-03 09:38:00-05:00,long
close,MSFT,370.77,2024-01-03 15:55:00-05:00,long
open,SQ,69.515,2024-01-03 09:37:00-05:00,long
close,SQ,68.8801,2024-01-03 10:20:00-05:00,long
open,MRNA,109.76,2024-01-03 09:36:00-05:00,short
close,MRNA,111.17,2024-01-03 10:05:00-05:00,short
open,ON,75.49,2024-01-04 09:37:00-05:00,long
close,ON,76.2,2024-01-04 15:55:00-05:00,long
open,META,344.135,2024-01-04 09:42:00-05:00,long
close,META,346.775,2024-01-04 15:55:00-05:00,long
open,MSFT,371.32,2024-01-04 09:38:00-05:00,long
close,MSFT,368.34,2024-01-04 15:10:00-05:00,long
open,ENPH,116.655,2024-01-05 09:38:00-05:00,long
close,ENPH,115.7299,2024-01-05 14:50:00-05:00,long
open,ENPH,117.0,2024-01-08 09:39:00-05:00,short
close,ENPH,116.16,2024-01-08 15:55:00-05:00,short
open,MRNA,110.6018,2024-01-08 09:36:00-05:00,short
close,MRNA,111.5641,2024-01-08 09:40:00-05:00,short
open,BA,228.9,2024-01-10 09:37:00-05:00,long
close,BA,227.89,2024-01-10 15:55:00-05:00,long
open,MSFT,388.0348,2024-01-11 09:42:00-05:00,long
close,MSFT,383.07,2024-01-11 10:05:00-05:00,long
open,COIN,158.08,2024-01-11 09:40:00-05:00,short
close,COIN,141.13,2024-01-11 15:55:00-05:00,short
open,JPM,174.95,2024-01-12 09:36:00-05:00,long
close,JPM,173.4033,2024-01-12 09:40:00-05:00,long
open,TSLA,222.77,2024-01-12 09:38:00-05:00,long
close,TSLA,221.05,2024-01-12 10:45:00-05:00,long
open,TSLA,213.955,2024-01-17 09:37:00-05:00,short
close,TSLA,215.335,2024-01-17 15:55:00-05:00,short
open,QCOM,143.86,2024-01-18 09:37:00-05:00,long
close,QCOM,142.59,2024-01-18 10:20:00-05:00,long
open,SMCI,35.897,2024-01-19 09:37:00-05:00,long
close,SMCI,42.3264,2024-01-19 15:55:00-05:00,long
open,MSFT,394.9,2024-01-19 09:36:00-05:00,short
close,MSFT,397.88,2024-01-19 15:30:00-05:00,short
open,SMCI,46.9745,2024-01-22 09:36:00-05:00,long
close,SMCI,45.3763,2024-01-22 09:40:00-05:00,long
open,META,388.9,2024-01-22 09:36:00-05:00,long
close,META,385.85,2024-01-22 10:00:00-05:00,long
open,CVNA,48.48,2024-01-22 09:36:00-05:00,long
close,CVNA,47.946,2024-01-22 10:55:00-05:00,long
open,PDD,141.76,2024-01-22 09:37:00-05:00,long
close,PDD,140.465,2024-01-22 09:40:00-05:00,long
open,AMAT,171.06,2024-01-22 09:36:00-05:00,long
close,AMAT,169.5,2024-01-22 09:40:00-05:00,long
open,PG,155.4384,2024-01-23 09:36:00-05:00,long
close,PG,154.2619,2024-01-23 11:15:00-05:00,long
open,BABA,73.54,2024-01-23 09:36:00-05:00,long
close,BABA,74.0825,2024-01-23 15:55:00-05:00,long
open,RTX,90.3134,2024-01-23 10:54:00-05:00,long
close,RTX,89.45,2024-01-23 14:45:00-05:00,long
open,NFLX,489.8499,2024-01-23 09:36:00-05:00,short
close,NFLX,491.37,2024-01-23 15:55:00-05:00,short
open,NFLX,546.765,2024-01-24 15:18:00-05:00,long
close,NFLX,544.82,2024-01-24 15:55:00-05:00,long
open,BA,211.77,2024-01-24 09:36:00-05:00,long
close,BA,209.94,2024-01-24 09:55:00-05:00,long
open,CRM,279.63,2024-01-24 10:17:00-05:00,short
close,CRM,277.11,2024-01-24 15:55:00-05:00,short
open,SNOW,206.72,2024-01-25 09:36:00-05:00,long
close,SNOW,204.91,2024-01-25 09:50:00-05:00,long
open,AMAT,176.31,2024-01-25 09:52:00-05:00,long
close,AMAT,174.91,2024-01-25 12:50:00-05:00,long
open,AVGO,126.1,2024-01-25 10:14:00-05:00,short
close,AVGO,122.95,2024-01-25 15:55:00-05:00,short
open,META,393.6,2024-01-26 09:41:00-05:00,short
close,META,396.5837,2024-01-26 12:15:00-05:00,short
open,PDD,132.56,2024-01-29 09:36:00-05:00,short
close,PDD,130.22,2024-01-29 15:55:00-05:00,short
open,NFLX,567.415,2024-01-29 09:36:00-05:00,short
close,NFLX,572.05,2024-01-29 11:45:00-05:00,short
open,TMUS,160.955,2024-01-29 11:18:00-05:00,short
close,TMUS,162.265,2024-01-29 12:15:00-05:00,short
open,TSLA,193.915,2024-01-30 09:49:00-05:00,short
close,TSLA,195.77,2024-01-30 10:35:00-05:00,short
open,META,392.16,2024-01-31 09:36:00-05:00,long
close,META,390.18,2024-01-31 15:55:00-05:00,long
open,SNOW,201.815,2024-01-31 09:36:00-05:00,long
close,SNOW,200.04,2024-01-31 10:30:00-05:00,long
open,UNH,509.175,2024-01-31 09:37:00-05:00,short
close,UNH,513.31,2024-01-31 11:25:00-05:00,short
open,CRM,284.395,2024-01-31 09:41:00-05:00,long
close,CRM,281.835,2024-01-31 15:00:00-05:00,long
open,NFLX,564.57,2024-01-31 09:36:00-05:00,long
close,NFLX,564.915,2024-01-31 15:55:00-05:00,long
open,AMZN,157.33,2024-01-31 09:37:00-05:00,long
close,AMZN,155.88,2024-01-31 10:40:00-05:00,long
open,TSLA,188.08,2024-01-31 09:36:00-05:00,long
close,TSLA,187.46,2024-01-31 15:55:00-05:00,long
open,DDOG,124.8,2024-01-31 09:37:00-05:00,long
close,DDOG,123.73,2024-01-31 09:40:00-05:00,long
open,V,278.52,2024-01-31 09:41:00-05:00,long
close,V,275.87,2024-01-31 10:30:00-05:00,long
open,COIN,129.67,2024-01-31 09:36:00-05:00,long
close,COIN,128.13,2024-01-31 15:40:00-05:00,long
open,MSFT,404.98,2024-02-01 10:48:00-05:00,long
close,MSFT,403.41,2024-02-01 15:55:00-05:00,long
open,META,397.32,2024-02-01 09:58:00-05:00,long
close,META,394.115,2024-02-01 12:35:00-05:00,long
open,BA,210.15,2024-02-01 09:41:00-05:00,short
close,BA,209.97,2024-02-01 15:55:00-05:00,short
open,COIN,128.88,2024-02-01 10:18:00-05:00,long
close,COIN,127.7475,2024-02-01 10:45:00-05:00,long
open,NFLX,568.005,2024-02-01 09:58:00-05:00,long
close,NFLX,567.3,2024-02-01 15:55:00-05:00,long
open,MSFT,406.3754,2024-02-02 09:53:00-05:00,long
close,MSFT,411.9,2024-02-02 15:55:00-05:00,long
open,ABNB,142.6,2024-02-02 09:36:00-05:00,short
close,ABNB,143.94,2024-02-02 09:55:00-05:00,short
open,NFLX,571.28,2024-02-05 09:41:00-05:00,long
close,NFLX,566.74,2024-02-05 09:55:00-05:00,long
open,ARM,73.5,2024-02-06 10:14:00-05:00,short
close,ARM,72.89,2024-02-06 15:55:00-05:00,short
open,TSLA,188.4525,2024-02-07 09:40:00-05:00,short
close,TSLA,187.66,2024-02-07 15:55:00-05:00,short
open,EW,87.3,2024-02-07 09:36:00-05:00,short
close,EW,88.73,2024-02-07 09:45:00-05:00,short
open,ARM,104.1201,2024-02-08 09:37:00-05:00,long
close,ARM,113.105,2024-02-08 15:55:00-05:00,long
open,ARM,105.9711,2024-02-09 09:36:00-05:00,long
close,ARM,115.09,2024-02-09 15:55:00-05:00,long
open,DDOG,132.2,2024-02-13 10:02:00-05:00,long
close,DDOG,131.16,2024-02-13 11:20:00-05:00,long
open,MSFT,405.245,2024-02-13 14:08:00-05:00,long
close,MSFT,406.49,2024-02-13 15:55:00-05:00,long
open,ARM,132.11,2024-02-13 09:45:00-05:00,long
close,ARM,130.93,2024-02-13 09:45:00-05:00,long
open,META,459.424,2024-02-13 15:32:00-05:00,long
close,META,459.62,2024-02-13 15:55:00-05:00,long
open,SNOW,229.818,2024-02-14 09:47:00-05:00,short
close,SNOW,231.775,2024-02-14 10:10:00-05:00,short
open,ENPH,125.745,2024-02-14 09:38:00-05:00,short
close,ENPH,126.89,2024-02-14 10:05:00-05:00,short
open,NFLX,582.82,2024-02-15 10:27:00-05:00,long
close,NFLX,593.67,2024-02-15 15:55:00-05:00,long
open,DKNG,44.1,2024-02-16 09:36:00-05:00,long
close,DKNG,43.364,2024-02-16 10:00:00-05:00,long
open,AMD,178.6046,2024-02-16 09:44:00-05:00,long
close,AMD,177.25,2024-02-16 09:45:00-05:00,long
open,APP,56.31,2024-02-20 09:36:00-05:00,short
close,APP,57.68,2024-02-20 09:35:00-05:00,short
open,SMCI,76.0308,2024-02-20 09:53:00-05:00,short
close,SMCI,77.4346,2024-02-20 14:55:00-05:00,short
open,DASH,114.57,2024-02-20 15:14:00-05:00,short
close,DASH,115.265,2024-02-20 15:55:00-05:00,short
open,NET,96.14,2024-02-20 09:36:00-05:00,short
close,NET,96.95,2024-02-20 15:40:00-05:00,short
open,ABBV,176.78,2024-02-20 13:34:00-05:00,long
close,ABBV,175.64,2024-02-20 15:55:00-05:00,long
open,VRT,57.3,2024-02-21 09:37:00-05:00,long
close,VRT,56.82,2024-02-21 13:00:00-05:00,long
open,PANW,269.97,2024-02-22 09:37:00-05:00,short
close,PANW,272.5203,2024-02-22 10:30:00-05:00,short
open,META,478.6729,2024-02-22 09:37:00-05:00,short
close,META,482.68,2024-02-22 09:50:00-05:00,short
open,ARM,133.9899,2024-02-22 09:53:00-05:00,long
close,ARM,131.06,2024-02-22 10:45:00-05:00,long
open,TSM,129.83,2024-02-22 14:49:00-05:00,long
close,TSM,129.21,2024-02-22 15:55:00-05:00,long
open,TSLA,192.8076,2024-02-22 09:36:00-05:00,short
close,TSLA,194.5134,2024-02-22 10:05:00-05:00,short
open,CVNA,72.84,2024-02-23 09:42:00-05:00,long
close,CVNA,71.4043,2024-02-23 10:15:00-05:00,long
open,PANW,273.9094,2024-02-23 09:36:00-05:00,short
close,PANW,276.615,2024-02-23 09:40:00-05:00,short
open,SMCI,98.5634,2024-02-23 09:36:00-05:00,long
close,SMCI,94.019,2024-02-23 09:35:00-05:00,long
open,EXPE,137.68,2024-02-23 09:42:00-05:00,long
close,EXPE,136.29,2024-02-23 09:45:00-05:00,long
open,MRNA,98.49,2024-02-23 09:36:00-05:00,short
close,MRNA,99.7,2024-02-23 09:35:00-05:00,short
open,CVNA,69.5,2024-02-26 09:37:00-05:00,long
close,CVNA,70.205,2024-02-26 15:55:00-05:00,long
open,ARM,143.22,2024-02-26 09:51:00-05:00,long
close,ARM,146.62,2024-02-26 15:55:00-05:00,long
open,U,28.31,2024-02-27 09:36:00-05:00,short
close,U,28.96,2024-02-27 09:35:00-05:00,short
open,PDD,129.6804,2024-02-27 09:36:00-05:00,long
close,PDD,128.54,2024-02-27 15:30:00-05:00,long
open,TSLA,203.92,2024-02-27 09:43:00-05:00,short
close,TSLA,199.598,2024-02-27 15:55:00-05:00,short
open,META,484.5001,2024-02-27 09:38:00-05:00,long
close,META,486.49,2024-02-27 15:55:00-05:00,long
open,MSTR,93.281,2024-02-28 09:36:00-05:00,short
close,MSTR,95.383,2024-02-28 09:50:00-05:00,short
open,META,488.99,2024-02-28 09:48:00-05:00,long
close,META,485.05,2024-02-28 10:45:00-05:00,long
open,MSTR,102.7955,2024-02-29 09:38:00-05:00,long
close,MSTR,101.947,2024-02-29 09:40:00-05:00,long
open,ENPH,124.74,2024-02-29 11:26:00-05:00,long
close,ENPH,123.5,2024-02-29 11:35:00-05:00,long
open,META,489.12,2024-02-29 09:53:00-05:00,short
close,META,491.052,2024-02-29 15:55:00-05:00,short
open,SNOW,183.525,2024-02-29 09:52:00-05:00,long
close,SNOW,187.83,2024-02-29 15:55:00-05:00,long
open,AMD,181.8799,2024-02-29 09:36:00-05:00,long
close,AMD,192.684,2024-02-29 15:55:00-05:00,long
open,SMCI,87.0115,2024-02-29 09:39:00-05:00,long
close,SMCI,85.4995,2024-02-29 09:45:00-05:00,long
open,DDOG,133.15,2024-02-29 09:40:00-05:00,long
close,DDOG,131.83,2024-02-29 09:45:00-05:00,long
open,CVNA,78.24,2024-02-29 09:37:00-05:00,short
close,CVNA,79.23,2024-02-29 10:00:00-05:00,short
open,AAPL,179.82,2024-03-01 09:47:00-05:00,long
close,AAPL,178.4528,2024-03-01 10:20:00-05:00,long
open,MSFT,412.325,2024-03-01 09:52:00-05:00,long
close,MSFT,415.37,2024-03-01 15:55:00-05:00,long
open,DELL,123.56,2024-03-04 09:40:00-05:00,short
close,DELL,124.59,2024-03-04 09:55:00-05:00,short
open,SNOW,182.74,2024-03-04 09:36:00-05:00,short
close,SNOW,178.12,2024-03-04 15:55:00-05:00,short
open,AAPL,171.1,2024-03-05 09:36:00-05:00,long
close,AAPL,170.0703,2024-03-05 15:55:00-05:00,long
open,AVGO,137.725,2024-03-06 10:58:00-05:00,short
close,AVGO,135.293,2024-03-06 15:55:00-05:00,short
open,META,496.7299,2024-03-06 10:04:00-05:00,long
close,META,496.75,2024-03-06 15:55:00-05:00,long
open,AMD,211.446,2024-03-06 09:37:00-05:00,long
close,AMD,209.8599,2024-03-06 10:05:00-05:00,long
open,TSM,140.33,2024-03-06 09:36:00-05:00,long
close,TSM,141.32,2024-03-06 15:55:00-05:00,long
open,VKTX,75.735,2024-03-07 09:36:00-05:00,short
close,VKTX,77.0469,2024-03-07 09:35:00-05:00,short
open,MSFT,404.63,2024-03-07 09:53:00-05:00,short
close,MSFT,407.7482,2024-03-07 10:45:00-05:00,short
open,TSM,144.755,2024-03-07 09:40:00-05:00,long
close,TSM,150.09,2024-03-07 15:55:00-05:00,long
open,COIN,239.03,2024-03-07 09:36:00-05:00,long
close,COIN,236.422,2024-03-07 10:20:00-05:00,long
open,QCOM,171.64,2024-03-07 09:39:00-05:00,long
close,QCOM,176.31,2024-03-07 15:55:00-05:00,long
open,TSLA,177.995,2024-03-07 09:41:00-05:00,long
close,TSLA,175.9304,2024-03-07 10:00:00-05:00,long
open,ALB,121.96,2024-03-07 09:36:00-05:00,long
close,ALB,120.695,2024-03-07 09:55:00-05:00,long
open,META,514.894,2024-03-08 11:08:00-05:00,long
close,META,510.71,2024-03-08 11:25:00-05:00,long
open,ARM,142.185,2024-03-08 09:38:00-05:00,long
close,ARM,140.2,2024-03-08 09:40:00-05:00,long
open,MSFT,407.92,2024-03-08 09:47:00-05:00,short
close,MSFT,406.38,2024-03-08 15:55:00-05:00,short
open,META,489.87,2024-03-11 09:36:00-04:00,short
close,META,483.37,2024-03-11 15:55:00-04:00,short
open,SMCI,106.568,2024-03-11 09:36:00-04:00,short
close,SMCI,107.419,2024-03-11 09:35:00-04:00,short
open,VRT,67.13,2024-03-11 09:36:00-04:00,short
close,VRT,67.695,2024-03-11 10:55:00-04:00,short
open,META,488.24,2024-03-12 09:40:00-04:00,short
close,META,494.41,2024-03-12 09:55:00-04:00,short
open,TSLA,174.9217,2024-03-12 10:15:00-04:00,short
close,TSLA,176.35,2024-03-12 10:45:00-04:00,short
open,CELH,94.57,2024-03-13 09:36:00-04:00,long
close,CELH,93.65,2024-03-13 09:50:00-04:00,long
open,TSLA,168.8324,2024-03-14 09:36:00-04:00,long
close,TSLA,166.775,2024-03-14 09:40:00-04:00,long
open,CRM,306.52,2024-03-14 09:47:00-04:00,long
close,CRM,304.11,2024-03-14 09:50:00-04:00,long
open,AMD,194.2964,2024-03-14 09:45:00-04:00,long
close,AMD,191.1394,2024-03-14 09:50:00-04:00,long
open,CRWD,321.5402,2024-03-15 09:55:00-04:00,short
close,CRWD,316.23,2024-03-15 15:55:00-04:00,short
open,GOOG,151.76,2024-03-18 09:37:00-04:00,long
close,GOOG,150.57,2024-03-18 10:05:00-04:00,long
open,GOOGL,150.92,2024-03-18 09:37:00-04:00,long
close,GOOGL,149.28,2024-03-18 10:10:00-04:00,long
open,MSFT,416.79,2024-03-18 09:37:00-04:00,long
close,MSFT,417.53,2024-03-18 15:55:00-04:00,long
open,CRM,300.085,2024-03-18 14:55:00-04:00,short
close,CRM,300.68,2024-03-18 15:55:00-04:00,short
open,TSLA,168.3,2024-03-18 10:11:00-04:00,short
close,TSLA,169.5999,2024-03-18 10:15:00-04:00,short
open,SMCI,114.1,2024-03-18 09:36:00-04:00,long
close,SMCI,112.843,2024-03-18 09:40:00-04:00,long
open,ARM,129.845,2024-03-18 09:43:00-04:00,long
close,ARM,128.85,2024-03-18 10:00:00-04:00,long
open,COIN,241.54,2024-03-18 09:38:00-04:00,long
close,COIN,238.0,2024-03-18 09:40:00-04:00,long
open,META,486.5124,2024-03-19 10:00:00-04:00,short
close,META,490.19,2024-03-19 11:30:00-04:00,short
open,COIN,226.34,2024-03-19 09:36:00-04:00,long
close,COIN,221.49,2024-03-19 09:40:00-04:00,long
open,PDD,140.73,2024-03-20 09:36:00-04:00,short
close,PDD,132.095,2024-03-20 15:55:00-04:00,short
open,MU,110.39,2024-03-21 09:36:00-04:00,short
close,MU,111.44,2024-03-21 10:50:00-04:00,short
open,TSM,141.21,2024-03-21 09:39:00-04:00,short
close,TSM,139.57,2024-03-21 15:55:00-04:00,short
open,PDD,128.315,2024-03-21 09:51:00-04:00,short
close,PDD,122.44,2024-03-21 15:55:00-04:00,short
open,TSLA,176.08,2024-03-21 09:47:00-04:00,long
close,TSLA,174.4,2024-03-21 09:55:00-04:00,long
open,VRT,81.625,2024-03-21 09:36:00-04:00,short
close,VRT,82.265,2024-03-21 09:40:00-04:00,short
open,IBM,191.33,2024-03-21 09:51:00-04:00,short
close,IBM,193.05,2024-03-21 10:10:00-04:00,short
open,BA,192.1101,2024-03-25 12:23:00-04:00,short
close,BA,191.26,2024-03-25 15:55:00-04:00,short
open,CRM,304.32,2024-03-25 10:51:00-04:00,long
close,CRM,305.95,2024-03-25 15:55:00-04:00,long
open,ADBE,506.09,2024-03-25 09:37:00-04:00,long
close,ADBE,507.1,2024-03-25 15:55:00-04:00,long
open,AMD,175.48,2024-03-25 09:37:00-04:00,long
close,AMD,178.505,2024-03-25 15:55:00-04:00,long
open,TSLA,174.095,2024-03-25 09:36:00-04:00,long
close,TSLA,172.3027,2024-03-25 09:50:00-04:00,long
open,ARM,142.16,2024-03-26 09:36:00-04:00,long
close,ARM,140.98,2024-03-26 10:25:00-04:00,long
open,META,507.61,2024-03-26 09:47:00-04:00,long
close,META,503.762,2024-03-26 15:05:00-04:00,long
open,MRK,131.62,2024-03-27 09:37:00-04:00,short
close,MRK,131.68,2024-03-27 15:55:00-04:00,short
open,ARM,128.165,2024-03-27 09:37:00-04:00,short
close,ARM,129.3352,2024-03-27 09:45:00-04:00,short
open,COIN,274.18,2024-03-27 09:38:00-04:00,short
close,COIN,257.085,2024-03-27 15:55:00-04:00,short
open,TSLA,178.948,2024-03-27 11:08:00-04:00,short
close,TSLA,180.655,2024-03-27 12:15:00-04:00,short
open,SNOW,162.835,2024-03-28 09:36:00-04:00,short
close,SNOW,164.92,2024-03-28 09:45:00-04:00,short
open,MSTR,197.4,2024-03-28 09:36:00-04:00,long
close,MSTR,195.769,2024-03-28 09:50:00-04:00,long
open,MSFT,425.4244,2024-04-01 09:41:00-04:00,long
close,MSFT,424.59,2024-04-01 15:55:00-04:00,long
open,MU,122.3701,2024-04-01 09:36:00-04:00,long
close,MU,124.625,2024-04-01 15:55:00-04:00,long
open,MSTR,162.548,2024-04-01 09:36:00-04:00,short
close,MSTR,164.022,2024-04-01 09:40:00-04:00,short
open,AMD,181.6009,2024-04-01 11:15:00-04:00,long
close,AMD,183.521,2024-04-01 15:55:00-04:00,long
open,META,486.02,2024-04-02 09:38:00-04:00,long
close,META,496.92,2024-04-02 15:55:00-04:00,long
open,ADBE,494.35,2024-04-02 09:40:00-04:00,long
close,ADBE,498.975,2024-04-02 15:55:00-04:00,long
open,SNOW,156.875,2024-04-02 09:52:00-04:00,short
close,SNOW,156.23,2024-04-02 15:55:00-04:00,short
open,ADBE,497.25,2024-04-03 09:40:00-04:00,long
close,ADBE,496.55,2024-04-03 15:55:00-04:00,long
open,SQ,76.9642,2024-04-04 09:36:00-04:00,short
close,SQ,77.95,2024-04-04 09:50:00-04:00,short
open,DELL,131.68,2024-04-04 09:50:00-04:00,long
close,DELL,130.645,2024-04-04 11:15:00-04:00,long
open,MSFT,424.1713,2024-04-04 14:18:00-04:00,long
close,MSFT,420.77,2024-04-04 15:00:00-04:00,long
open,MSTR,170.0094,2024-04-04 09:36:00-04:00,long
close,MSTR,168.0,2024-04-04 11:15:00-04:00,long
open,TSLA,168.77,2024-04-04 09:40:00-04:00,short
close,TSLA,170.0437,2024-04-04 10:10:00-04:00,short
open,MSTR,161.011,2024-04-05 09:37:00-04:00,long
close,MSTR,157.632,2024-04-05 12:45:00-04:00,long
open,MU,126.145,2024-04-08 10:50:00-04:00,short
close,MU,122.93,2024-04-08 15:55:00-04:00,short
open,TSLA,170.72,2024-04-08 09:36:00-04:00,long
close,TSLA,173.01,2024-04-08 15:55:00-04:00,long
open,TSM,143.85,2024-04-08 09:37:00-04:00,short
close,TSM,145.22,2024-04-08 10:10:00-04:00,short
open,GE,155.32,2024-04-08 09:36:00-04:00,short
close,GE,156.3025,2024-04-08 15:55:00-04:00,short
open,MSFT,424.785,2024-04-08 09:48:00-04:00,short
close,MSFT,424.77,2024-04-08 15:55:00-04:00,short
open,TSLA,173.77,2024-04-10 09:36:00-04:00,long
close,TSLA,171.06,2024-04-10 09:45:00-04:00,long
open,BA,175.83,2024-04-10 09:41:00-04:00,long
close,BA,174.445,2024-04-10 10:50:00-04:00,long
open,MU,123.19,2024-04-10 09:41:00-04:00,long
close,MU,122.0695,2024-04-10 10:00:00-04:00,long
open,SNOW,152.265,2024-04-10 09:37:00-04:00,long
close,SNOW,153.1494,2024-04-10 15:55:00-04:00,long
open,META,520.535,2024-04-11 09:39:00-04:00,long
close,META,523.625,2024-04-11 15:55:00-04:00,long
open,JPM,186.86,2024-04-15 09:38:00-04:00,long
close,JPM,185.36,2024-04-15 10:30:00-04:00,long
open,META,516.01,2024-04-15 09:40:00-04:00,short
close,META,500.49,2024-04-15 15:55:00-04:00,short
open,UNH,444.0425,2024-04-15 09:39:00-04:00,long
close,UNH,446.3,2024-04-15 15:55:00-04:00,long
open,AMD,160.95,2024-04-15 09:39:00-04:00,short
close,AMD,162.715,2024-04-15 09:45:00-04:00,short
open,MS,88.81,2024-04-16 09:43:00-04:00,short
close,MS,89.5664,2024-04-16 09:55:00-04:00,short
open,TSLA,155.82,2024-04-16 09:41:00-04:00,short
close,TSLA,157.16,2024-04-16 10:15:00-04:00,short
open,TSLA,156.49,2024-04-17 09:36:00-04:00,short
close,TSLA,157.81,2024-04-17 13:55:00-04:00,short
open,ARM,103.865,2024-04-18 09:36:00-04:00,short
close,ARM,106.17,2024-04-18 09:45:00-04:00,short
open,QCOM,161.57,2024-04-18 09:48:00-04:00,short
close,QCOM,163.31,2024-04-18 10:40:00-04:00,short
open,SMCI,94.194,2024-04-18 09:50:00-04:00,short
close,SMCI,95.2485,2024-04-18 10:05:00-04:00,short
open,ARM,102.02,2024-04-19 09:36:00-04:00,long
close,ARM,101.025,2024-04-19 09:35:00-04:00,long
open,META,496.7694,2024-04-19 09:46:00-04:00,short
close,META,481.185,2024-04-19 15:55:00-04:00,short
open,PG,154.48,2024-04-19 09:39:00-04:00,short
close,PG,155.67,2024-04-19 10:15:00-04:00,short
open,SMCI,70.8134,2024-04-22 09:36:00-04:00,short
close,SMCI,72.306,2024-04-22 09:40:00-04:00,short
open,AMZN,177.84,2024-04-22 09:40:00-04:00,long
close,AMZN,176.37,2024-04-22 10:10:00-04:00,long
open,CRM,273.055,2024-04-23 09:45:00-04:00,short
close,CRM,275.26,2024-04-23 14:35:00-04:00,short
open,PDD,128.515,2024-04-23 09:36:00-04:00,long
close,PDD,127.33,2024-04-23 09:40:00-04:00,long
open,GEV,140.57,2024-04-23 09:36:00-04:00,long
close,GEV,148.03,2024-04-23 15:55:00-04:00,long
open,SMCI,72.316,2024-04-23 09:36:00-04:00,short
close,SMCI,72.899,2024-04-23 09:35:00-04:00,short
open,GE,155.0181,2024-04-23 09:37:00-04:00,short
close,GE,156.41,2024-04-23 09:35:00-04:00,short
open,DELL,123.9,2024-04-24 09:36:00-04:00,short
close,DELL,119.795,2024-04-24 15:55:00-04:00,short
open,GL,78.24,2024-04-24 09:36:00-04:00,long
close,GL,79.12,2024-04-24 15:55:00-04:00,long
open,BA,163.58,2024-04-25 12:40:00-04:00,short
close,BA,165.04,2024-04-25 13:50:00-04:00,short
open,WDC,69.53,2024-04-26 10:09:00-04:00,short
close,WDC,70.07,2024-04-26 11:00:00-04:00,short
open,VRT,92.93,2024-04-26 09:36:00-04:00,long
close,VRT,93.32,2024-04-26 15:55:00-04:00,long
open,MSTR,121.836,2024-04-26 09:38:00-04:00,short
close,MSTR,123.141,2024-04-26 09:40:00-04:00,short
open,ARM,99.82,2024-04-26 09:36:00-04:00,short
close,ARM,100.6899,2024-04-26 10:10:00-04:00,short
open,AAPL,174.26,2024-04-29 11:16:00-04:00,long
close,AAPL,173.27,2024-04-29 15:55:00-04:00,long
open,GL,75.35,2024-04-30 09:36:00-04:00,long
close,GL,76.39,2024-04-30 15:55:00-04:00,long
open,SMCI,88.19,2024-04-30 09:36:00-04:00,long
close,SMCI,87.493,2024-04-30 12:25:00-04:00,long
open,AMD,148.11,2024-05-01 09:36:00-04:00,short
close,AMD,143.945,2024-05-01 15:55:00-04:00,short
open,COIN,201.945,2024-05-01 09:37:00-04:00,long
close,COIN,200.14,2024-05-01 11:15:00-04:00,long
open,CVS,55.5285,2024-05-01 09:40:00-04:00,short
close,CVS,56.04,2024-05-01 11:30:00-04:00,short
open,PDD,129.23,2024-05-02 09:37:00-04:00,long
close,PDD,137.45,2024-05-02 15:55:00-04:00,long
open,ARM,99.9151,2024-05-02 09:37:00-04:00,short
close,ARM,98.115,2024-05-02 15:55:00-04:00,short
open,W,58.1145,2024-05-02 09:50:00-04:00,short
close,W,58.66,2024-05-02 13:35:00-04:00,short
open,SQ,75.0101,2024-05-03 09:36:00-04:00,short
close,SQ,69.59,2024-05-03 15:55:00-04:00,short
open,DASH,114.98,2024-05-03 09:53:00-04:00,short
close,DASH,113.375,2024-05-03 15:55:00-04:00,short
open,MSTR,127.15,2024-05-06 09:36:00-04:00,long
close,MSTR,126.447,2024-05-06 15:55:00-04:00,long
open,DASH,114.9,2024-05-07 09:37:00-04:00,long
close,DASH,115.67,2024-05-07 15:55:00-04:00,long
open,MSFT,412.19,2024-05-07 09:38:00-04:00,long
close,MSFT,409.79,2024-05-07 15:55:00-04:00,long
open,COIN,228.68,2024-05-07 09:38:00-04:00,long
close,COIN,226.68,2024-05-07 09:40:00-04:00,long
open,TSLA,180.63,2024-05-07 09:40:00-04:00,short
close,TSLA,178.098,2024-05-07 15:55:00-04:00,short
open,VST,86.645,2024-05-08 09:36:00-04:00,long
close,VST,85.575,2024-05-08 09:35:00-04:00,long
open,VST,91.72,2024-05-09 09:39:00-04:00,long
close,VST,90.67,2024-05-09 09:40:00-04:00,long
open,MSFT,414.7,2024-05-13 11:54:00-04:00,short
close,MSFT,413.64,2024-05-13 15:55:00-04:00,short
open,ONON,35.05,2024-05-14 09:38:00-04:00,long
close,ONON,34.73,2024-05-14 09:45:00-04:00,long
open,CVNA,121.595,2024-05-14 09:37:00-04:00,short
close,CVNA,120.95,2024-05-14 15:55:00-04:00,short
open,TSLA,175.9599,2024-05-14 09:39:00-04:00,long
close,TSLA,177.6,2024-05-14 15:55:00-04:00,long
open,MSFT,418.505,2024-05-15 09:46:00-04:00,long
close,MSFT,422.88,2024-05-15 15:55:00-04:00,long
open,VRT,101.935,2024-05-15 09:37:00-04:00,long
close,VRT,104.23,2024-05-15 15:55:00-04:00,long
open,RDDT,63.71,2024-05-17 09:36:00-04:00,long
close,RDDT,63.1999,2024-05-17 10:05:00-04:00,long
open,MSTR,158.628,2024-05-20 09:45:00-04:00,short
close,MSTR,160.4,2024-05-20 09:50:00-04:00,short
open,AMD,167.4339,2024-05-20 09:36:00-04:00,long
close,AMD,165.88,2024-05-20 10:05:00-04:00,long
open,JPM,197.83,2024-05-21 11:49:00-04:00,long
close,JPM,199.84,2024-05-21 15:55:00-04:00,long
open,TSLA,177.6301,2024-05-21 09:39:00-04:00,long
close,TSLA,186.645,2024-05-21 15:55:00-04:00,long
open,META,468.54,2024-05-22 09:55:00-04:00,long
close,META,467.6625,2024-05-22 15:55:00-04:00,long
open,MSFT,430.925,2024-05-22 09:36:00-04:00,long
close,MSFT,427.33,2024-05-22 15:15:00-04:00,long
open,SMCI,95.781,2024-05-23 09:40:00-04:00,long
close,SMCI,94.852,2024-05-23 09:45:00-04:00,long
open,AVGO,142.0107,2024-05-23 09:47:00-04:00,short
close,AVGO,139.235,2024-05-23 15:55:00-04:00,short
open,DELL,156.9003,2024-05-24 09:38:00-04:00,long
close,DELL,160.49,2024-05-24 15:55:00-04:00,long
open,SNOW,157.23,2024-05-24 09:39:00-04:00,long
close,SNOW,155.77,2024-05-24 09:40:00-04:00,long
open,QCOM,204.93,2024-05-24 09:40:00-04:00,long
close,QCOM,210.44,2024-05-24 15:55:00-04:00,long
open,MRNA,166.25,2024-05-24 09:52:00-04:00,long
close,MRNA,164.6645,2024-05-24 09:50:00-04:00,long
open,QCOM,213.19,2024-05-28 09:42:00-04:00,short
close,QCOM,214.92,2024-05-28 10:40:00-04:00,short
open,SE,67.61,2024-05-28 10:29:00-04:00,short
close,SE,68.13,2024-05-28 10:55:00-04:00,short
open,VRT,104.81,2024-05-28 09:38:00-04:00,short
close,VRT,105.635,2024-05-28 10:40:00-04:00,short
open,NVDA,111.093,2024-05-28 09:37:00-04:00,long
close,NVDA,113.722,2024-05-28 15:55:00-04:00,long
open,TSLA,175.0702,2024-05-28 09:51:00-04:00,short
close,TSLA,176.89,2024-05-28 11:40:00-04:00,short
open,QCOM,208.27,2024-05-29 09:38:00-04:00,short
close,QCOM,210.11,2024-05-29 11:50:00-04:00,short
open,MRNA,145.23,2024-05-29 11:22:00-04:00,short
close,MRNA,146.39,2024-05-29 12:05:00-04:00,short
open,TSM,154.98,2024-05-29 09:37:00-04:00,short
close,TSM,154.36,2024-05-29 15:55:00-04:00,short
open,AMD,166.3801,2024-05-29 09:38:00-04:00,short
close,AMD,165.14,2024-05-29 15:55:00-04:00,short
open,MSTR,164.4429,2024-05-29 09:38:00-04:00,short
close,MSTR,165.746,2024-05-29 09:35:00-04:00,short
open,TSLA,175.84,2024-05-29 09:45:00-04:00,long
close,TSLA,176.54,2024-05-29 15:55:00-04:00,long
open,DELL,172.1264,2024-05-30 12:35:00-04:00,short
close,DELL,170.07,2024-05-30 15:55:00-04:00,short
open,MSFT,423.06,2024-05-30 09:40:00-04:00,short
close,MSFT,414.91,2024-05-30 15:55:00-04:00,short
open,META,469.17,2024-05-30 09:49:00-04:00,short
close,META,467.19,2024-05-30 15:55:00-04:00,short
open,MRNA,146.4313,2024-05-30 09:49:00-04:00,short
close,MRNA,147.53,2024-05-30 11:55:00-04:00,short
open,DELL,140.9597,2024-05-31 09:36:00-04:00,short
close,DELL,139.72,2024-05-31 15:55:00-04:00,short
open,NVDA,111.849,2024-05-31 09:36:00-04:00,short
close,NVDA,109.5848,2024-05-31 15:55:00-04:00,short
open,MSTR,156.6,2024-05-31 09:36:00-04:00,short
close,MSTR,159.598,2024-05-31 09:35:00-04:00,short
open,VRT,98.4557,2024-05-31 09:39:00-04:00,short
close,VRT,99.695,2024-05-31 09:40:00-04:00,short
open,COIN,236.79,2024-05-31 09:36:00-04:00,short
close,COIN,239.1701,2024-05-31 09:40:00-04:00,short
open,SNOW,140.315,2024-05-31 10:13:00-04:00,long
close,SNOW,139.06,2024-05-31 10:20:00-04:00,long
open,MSFT,415.62,2024-06-03 09:42:00-04:00,short
close,MSFT,412.92,2024-06-03 15:55:00-04:00,short
open,MRNA,143.07,2024-06-03 09:36:00-04:00,long
close,MRNA,147.52,2024-06-03 15:55:00-04:00,long
open,ARM,127.205,2024-06-03 09:39:00-04:00,long
close,ARM,125.3575,2024-06-03 10:40:00-04:00,long
open,QCOM,208.88,2024-06-03 09:37:00-04:00,short
close,QCOM,210.83,2024-06-03 09:35:00-04:00,short
open,MU,126.7318,2024-06-03 09:37:00-04:00,short
close,MU,127.75,2024-06-03 09:45:00-04:00,short
open,FSLR,274.48,2024-06-03 09:36:00-04:00,long
close,FSLR,272.64,2024-06-03 15:55:00-04:00,long
open,CELH,75.16,2024-06-03 09:37:00-04:00,short
close,CELH,76.03,2024-06-03 09:45:00-04:00,short
open,AMD,169.84,2024-06-03 09:41:00-04:00,short
close,AMD,163.34,2024-06-03 15:55:00-04:00,short
open,SNOW,133.7999,2024-06-05 13:34:00-04:00,short
close,SNOW,134.4,2024-06-05 15:55:00-04:00,short
open,TSLA,173.605,2024-06-05 09:52:00-04:00,short
close,TSLA,175.0901,2024-06-05 11:25:00-04:00,short
open,MRNA,153.61,2024-06-06 09:36:00-04:00,short
close,MRNA,155.7,2024-06-06 09:35:00-04:00,short
open,META,492.545,2024-06-06 15:34:00-04:00,long
close,META,493.155,2024-06-06 15:55:00-04:00,long
open,NVAX,21.8399,2024-06-06 09:40:00-04:00,short
close,NVAX,22.1,2024-06-06 09:40:00-04:00,short
open,FSLR,270.2629,2024-06-06 09:36:00-04:00,short
close,FSLR,274.0,2024-06-06 09:45:00-04:00,short
open,TSLA,178.52,2024-06-07 09:38:00-04:00,long
close,TSLA,177.1491,2024-06-07 13:55:00-04:00,long
open,MSTR,167.7,2024-06-07 13:19:00-04:00,long
close,MSTR,166.139,2024-06-07 13:45:00-04:00,long
open,CRWD,379.3542,2024-06-10 09:36:00-04:00,long
close,CRWD,371.976,2024-06-10 09:40:00-04:00,long
open,MRNA,147.43,2024-06-10 11:46:00-04:00,short
close,MRNA,148.5879,2024-06-10 15:10:00-04:00,short
open,CELH,69.615,2024-06-10 09:37:00-04:00,short
close,CELH,65.865,2024-06-10 15:55:00-04:00,short
open,COIN,237.66,2024-06-11 09:36:00-04:00,short
close,COIN,240.7387,2024-06-11 10:20:00-04:00,short
open,JPM,195.25,2024-06-11 10:58:00-04:00,short
close,JPM,194.19,2024-06-11 15:55:00-04:00,short
open,ORCL,138.53,2024-06-12 09:36:00-04:00,long
close,ORCL,137.14,2024-06-12 10:45:00-04:00,long
open,AFRM,37.84,2024-06-12 10:22:00-04:00,long
close,AFRM,37.255,2024-06-12 10:30:00-04:00,long
open,CRWD,384.7,2024-06-12 11:42:00-04:00,short
close,CRWD,388.5,2024-06-12 12:25:00-04:00,short
open,VST,90.5,2024-06-12 09:36:00-04:00,short
close,VST,92.44,2024-06-12 10:00:00-04:00,short
open,MSFT,441.13,2024-06-13 09:43:00-04:00,short
close,MSFT,441.59,2024-06-13 15:55:00-04:00,short
open,TSM,171.79,2024-06-13 09:37:00-04:00,short
close,TSM,173.19,2024-06-13 09:45:00-04:00,short
open,CRWD,382.24,2024-06-14 09:43:00-04:00,long
close,CRWD,385.61,2024-06-14 15:55:00-04:00,long
open,TSM,177.31,2024-06-17 09:36:00-04:00,short
close,TSM,177.75,2024-06-17 15:55:00-04:00,short
open,META,498.24,2024-06-17 09:45:00-04:00,short
close,META,502.925,2024-06-17 12:45:00-04:00,short
open,TSLA,180.24,2024-06-17 09:38:00-04:00,long
close,TSLA,188.11,2024-06-17 15:55:00-04:00,long
open,MSFT,443.68,2024-06-17 11:13:00-04:00,short
close,MSFT,447.13,2024-06-17 13:00:00-04:00,short
open,MU,154.31,2024-06-18 09:49:00-04:00,long
close,MU,153.07,2024-06-18 13:25:00-04:00,long
open,ARM,161.7984,2024-06-18 09:40:00-04:00,long
close,ARM,159.57,2024-06-18 09:45:00-04:00,long
open,MU,151.6958,2024-06-20 09:40:00-04:00,short
close,MU,153.33,2024-06-20 09:40:00-04:00,short
open,ARM,167.68,2024-06-20 09:36:00-04:00,short
close,ARM,169.83,2024-06-20 09:35:00-04:00,short
open,DELL,157.18,2024-06-20 09:49:00-04:00,long
close,DELL,154.07,2024-06-20 10:00:00-04:00,long
open,SMCI,96.6324,2024-06-20 10:11:00-04:00,long
close,SMCI,95.036,2024-06-20 12:20:00-04:00,long
open,CRM,237.215,2024-06-20 09:36:00-04:00,long
close,CRM,242.17,2024-06-20 15:55:00-04:00,long
open,TSM,174.26,2024-06-21 09:37:00-04:00,long
close,TSM,172.79,2024-06-21 09:45:00-04:00,long
open,META,503.33,2024-06-24 09:40:00-04:00,long
close,META,499.435,2024-06-24 10:40:00-04:00,long
open,MSFT,449.3,2024-06-24 09:56:00-04:00,short
close,MSFT,447.99,2024-06-24 15:55:00-04:00,short
open,TSLA,186.11,2024-06-24 10:08:00-04:00,long
close,TSLA,183.97,2024-06-24 10:25:00-04:00,long
open,DELL,141.005,2024-06-24 09:39:00-04:00,short
close,DELL,138.1425,2024-06-24 15:55:00-04:00,short
open,COIN,214.09,2024-06-25 09:36:00-04:00,short
close,COIN,215.72,2024-06-25 09:40:00-04:00,short
open,AMD,158.24,2024-06-25 10:09:00-04:00,short
close,AMD,159.6,2024-06-25 11:25:00-04:00,short
open,BA,178.0425,2024-06-25 09:36:00-04:00,long
close,BA,176.355,2024-06-25 09:50:00-04:00,long
open,ARM,161.159,2024-06-26 09:36:00-04:00,short
close,ARM,162.478,2024-06-26 09:40:00-04:00,short
open,META,519.2517,2024-06-27 10:02:00-04:00,long
close,META,518.97,2024-06-27 15:55:00-04:00,long
open,MSFT,452.98,2024-06-27 11:44:00-04:00,long
close,MSFT,453.08,2024-06-27 15:55:00-04:00,long
open,NKE,77.62,2024-06-28 09:45:00-04:00,long
close,NKE,76.9201,2024-06-28 09:55:00-04:00,long
open,DJT,38.1,2024-06-28 09:36:00-04:00,short
close,DJT,38.5,2024-06-28 09:40:00-04:00,short
open,MSTR,147.471,2024-06-28 09:37:00-04:00,short
close,MSTR,138.1405,2024-06-28 15:55:00-04:00,short
open,CVNA,134.3287,2024-06-28 09:56:00-04:00,long
close,CVNA,133.28,2024-06-28 10:55:00-04:00,long
open,QCOM,197.93,2024-06-28 11:01:00-04:00,long
close,QCOM,199.39,2024-06-28 15:55:00-04:00,long
open,BA,186.6901,2024-07-01 10:03:00-04:00,long
close,BA,185.02,2024-07-01 10:20:00-04:00,long
open,AAPL,213.0,2024-07-01 09:45:00-04:00,long
close,AAPL,216.95,2024-07-01 15:55:00-04:00,long
open,SMCI,82.169,2024-07-01 11:27:00-04:00,short
close,SMCI,81.351,2024-07-01 15:55:00-04:00,short
open,CRWD,381.5499,2024-07-01 09:40:00-04:00,short
close,CRWD,385.265,2024-07-01 10:25:00-04:00,short
open,VST,90.11,2024-07-01 09:59:00-04:00,long
close,VST,88.715,2024-07-01 10:00:00-04:00,long
open,CVNA,126.56,2024-07-01 09:36:00-04:00,short
close,CVNA,123.605,2024-07-01 15:55:00-04:00,short
open,ARM,159.72,2024-07-01 12:01:00-04:00,short
close,ARM,158.91,2024-07-01 15:55:00-04:00,short
open,MSTR,135.366,2024-07-02 09:55:00-04:00,long
close,MSTR,134.2,2024-07-02 10:40:00-04:00,long
open,AMD,158.95,2024-07-02 09:54:00-04:00,long
close,AMD,157.28,2024-07-02 10:05:00-04:00,long
open,MSFT,458.705,2024-07-03 09:55:00-04:00,long
close,MSFT,460.63,2024-07-03 12:55:00-04:00,long
open,TSM,179.6574,2024-07-03 09:37:00-04:00,long
close,TSM,181.975,2024-07-03 12:55:00-04:00,long
open,MSTR,129.501,2024-07-03 09:37:00-04:00,short
close,MSTR,132.0,2024-07-03 09:55:00-04:00,short
open,MSTR,121.103,2024-07-05 09:36:00-04:00,short
close,MSTR,123.001,2024-07-05 09:35:00-04:00,short
open,SIRI,38.25,2024-07-05 11:30:00-04:00,long
close,SIRI,37.7,2024-07-05 11:35:00-04:00,long
open,TSM,190.524,2024-07-08 09:36:00-04:00,long
close,TSM,189.01,2024-07-08 10:35:00-04:00,long
open,SMCI,88.159,2024-07-08 10:36:00-04:00,long
close,SMCI,89.9865,2024-07-08 15:55:00-04:00,long
open,MSTR,129.985,2024-07-08 09:40:00-04:00,short
close,MSTR,131.6799,2024-07-08 09:55:00-04:00,short
open,V,261.27,2024-07-10 09:39:00-04:00,long
close,V,263.375,2024-07-10 15:55:00-04:00,long
open,META,531.57,2024-07-10 10:00:00-04:00,short
close,META,535.97,2024-07-10 11:55:00-04:00,short
open,NVDA,133.39,2024-07-10 09:43:00-04:00,short
close,NVDA,134.58,2024-07-10 10:45:00-04:00,short
open,META,533.32,2024-07-11 09:42:00-04:00,long
close,META,526.34,2024-07-11 10:05:00-04:00,long
open,MSFT,452.23,2024-07-12 09:39:00-04:00,short
close,MSFT,455.94,2024-07-12 13:45:00-04:00,short
open,PDD,135.57,2024-07-15 09:37:00-04:00,short
close,PDD,137.325,2024-07-15 09:40:00-04:00,short
open,ENPH,111.8846,2024-07-15 09:39:00-04:00,short
close,ENPH,113.17,2024-07-15 10:10:00-04:00,short
open,CELH,54.095,2024-07-15 09:36:00-04:00,short
close,CELH,52.29,2024-07-15 15:55:00-04:00,short
open,JPM,209.0251,2024-07-15 09:42:00-04:00,long
close,JPM,206.95,2024-07-15 09:55:00-04:00,long
open,QCOM,204.51,2024-07-15 09:37:00-04:00,long
close,QCOM,207.92,2024-07-15 15:55:00-04:00,long
open,SCHW,69.855,2024-07-16 09:41:00-04:00,short
close,SCHW,67.5,2024-07-16 15:55:00-04:00,short
open,QCOM,198.21,2024-07-17 09:38:00-04:00,short
close,QCOM,192.45,2024-07-17 15:55:00-04:00,short
open,AAPL,230.22,2024-07-17 09:38:00-04:00,long
close,AAPL,228.18,2024-07-17 09:40:00-04:00,long
open,COIN,247.23,2024-07-17 09:43:00-04:00,long
close,COIN,242.956,2024-07-17 12:10:00-04:00,long
open,MSTR,162.85,2024-07-17 09:37:00-04:00,long
close,MSTR,158.947,2024-07-17 11:45:00-04:00,long
open,UNH,566.79,2024-07-18 09:37:00-04:00,long
close,UNH,562.43,2024-07-18 12:20:00-04:00,long
open,META,474.26,2024-07-18 13:22:00-04:00,short
close,META,479.225,2024-07-18 15:45:00-04:00,short
open,QCOM,192.8799,2024-07-18 10:09:00-04:00,short
close,QCOM,191.635,2024-07-18 15:55:00-04:00,short
open,MSFT,436.75,2024-07-19 12:33:00-04:00,long
close,MSFT,436.26,2024-07-19 15:55:00-04:00,long
open,UNH,565.53,2024-07-19 09:48:00-04:00,short
close,UNH,565.51,2024-07-19 15:55:00-04:00,short
open,META,481.1,2024-07-19 09:36:00-04:00,long
close,META,477.09,2024-07-19 12:30:00-04:00,long
open,AAPL,224.77,2024-07-19 10:44:00-04:00,long
close,AAPL,224.1196,2024-07-19 15:55:00-04:00,long
open,AMAT,215.92,2024-07-22 09:36:00-04:00,short
close,AMAT,218.31,2024-07-22 09:40:00-04:00,short
open,TSLA,246.3901,2024-07-22 10:29:00-04:00,long
close,TSLA,251.67,2024-07-22 15:55:00-04:00,long
open,AAPL,226.521,2024-07-22 09:37:00-04:00,short
close,AAPL,224.0,2024-07-22 15:55:00-04:00,short
open,CRWD,261.73,2024-07-23 09:37:00-04:00,short
close,CRWD,265.39,2024-07-23 09:40:00-04:00,short
open,COIN,264.6,2024-07-23 09:39:00-04:00,long
close,COIN,262.01,2024-07-23 09:50:00-04:00,long
open,UNH,557.155,2024-07-23 10:03:00-04:00,short
close,UNH,553.43,2024-07-23 15:55:00-04:00,short
open,ARM,164.76,2024-07-23 09:36:00-04:00,long
close,ARM,171.39,2024-07-23 15:55:00-04:00,long
open,GOOGL,172.77,2024-07-24 09:37:00-04:00,short
close,GOOGL,174.39,2024-07-24 09:40:00-04:00,short
open,QCOM,187.9,2024-07-24 09:40:00-04:00,short
close,QCOM,181.05,2024-07-24 15:55:00-04:00,short
open,TSM,163.69,2024-07-24 09:37:00-04:00,short
close,TSM,160.14,2024-07-24 15:55:00-04:00,short
open,VRT,86.4771,2024-07-24 09:47:00-04:00,short
close,VRT,87.585,2024-07-24 09:45:00-04:00,short
open,RTX,112.2357,2024-07-25 09:40:00-04:00,long
close,RTX,112.76,2024-07-25 15:55:00-04:00,long
open,ARM,149.64,2024-07-25 09:37:00-04:00,short
close,ARM,151.5,2024-07-25 10:45:00-04:00,short
open,MSTR,156.8,2024-07-25 09:42:00-04:00,short
close,MSTR,158.0,2024-07-25 10:35:00-04:00,short
open,META,459.18,2024-07-25 09:41:00-04:00,short
close,META,454.39,2024-07-25 15:55:00-04:00,short
open,UNH,565.14,2024-07-25 09:49:00-04:00,long
close,UNH,560.11,2024-07-25 14:35:00-04:00,long
open,MCHP,83.68,2024-07-25 09:36:00-04:00,short
close,MCHP,84.475,2024-07-25 09:40:00-04:00,short
open,VRT,77.14,2024-07-25 09:41:00-04:00,short
close,VRT,78.11,2024-07-25 10:50:00-04:00,short
open,DELL,113.055,2024-07-25 09:37:00-04:00,short
close,DELL,114.13,2024-07-25 10:45:00-04:00,short
open,GE,163.41,2024-07-25 09:37:00-04:00,short
close,GE,164.71,2024-07-25 09:50:00-04:00,short
open,AMZN,182.3,2024-07-25 11:17:00-04:00,short
close,AMZN,183.74,2024-07-25 13:05:00-04:00,short
open,CRWD,258.14,2024-07-26 09:36:00-04:00,short
close,CRWD,255.155,2024-07-26 15:55:00-04:00,short
open,EW,61.4999,2024-07-26 09:49:00-04:00,short
close,EW,62.15,2024-07-26 10:00:00-04:00,short
open,MSFT,428.325,2024-07-29 09:45:00-04:00,short
close,MSFT,426.87,2024-07-29 15:55:00-04:00,short
open,TSLA,227.21,2024-07-29 11:34:00-04:00,long
close,TSLA,231.76,2024-07-29 15:55:00-04:00,long
open,GLW,37.99,2024-07-30 09:39:00-04:00,short
close,GLW,38.475,2024-07-30 09:50:00-04:00,short
open,META,469.0,2024-07-30 09:47:00-04:00,long
close,META,464.28,2024-07-30 11:00:00-04:00,long
open,GE,173.5,2024-07-30 09:38:00-04:00,long
close,GE,171.665,2024-07-30 10:10:00-04:00,long
open,TSLA,229.3755,2024-07-30 09:40:00-04:00,short
close,TSLA,223.945,2024-07-30 15:55:00-04:00,short
open,ORCL,139.19,2024-07-31 11:52:00-04:00,long
close,ORCL,139.63,2024-07-31 15:55:00-04:00,long
open,QCOM,175.2,2024-07-31 09:40:00-04:00,short
close,QCOM,176.565,2024-07-31 14:30:00-04:00,short
open,MTCH,37.105,2024-07-31 09:37:00-04:00,short
close,MTCH,37.405,2024-07-31 09:40:00-04:00,short
open,WDC,62.02,2024-08-01 09:36:00-04:00,long
close,WDC,61.5047,2024-08-01 09:35:00-04:00,long
open,AMAT,206.43,2024-08-01 09:36:00-04:00,long
close,AMAT,204.325,2024-08-01 10:20:00-04:00,long
open,AVGO,156.72,2024-08-01 09:36:00-04:00,long
close,AVGO,155.41,2024-08-01 10:40:00-04:00,long
open,AAPL,223.68,2024-08-01 09:54:00-04:00,short
close,AAPL,217.59,2024-08-01 15:55:00-04:00,short
open,BA,187.2909,2024-08-01 09:36:00-04:00,short
close,BA,178.48,2024-08-01 15:55:00-04:00,short
open,TXN,202.48487,2024-08-01 09:50:00-04:00,long
close,TXN,200.865,2024-08-01 10:35:00-04:00,long
open,INTC,21.05,2024-08-02 09:36:00-04:00,short
close,INTC,21.21,2024-08-02 09:45:00-04:00,short
open,ORCL,133.1,2024-08-02 09:36:00-04:00,short
close,ORCL,134.105,2024-08-02 11:55:00-04:00,short
open,AVGO,141.625,2024-08-02 09:36:00-04:00,short
close,AVGO,143.04,2024-08-02 09:35:00-04:00,short
open,TXN,187.49,2024-08-02 09:37:00-04:00,long
close,TXN,187.435,2024-08-02 15:55:00-04:00,long
open,JPM,193.17,2024-08-05 09:50:00-04:00,short
close,JPM,194.675,2024-08-05 10:10:00-04:00,short
open,MSTR,111.421,2024-08-05 09:40:00-04:00,long
close,MSTR,130.041,2024-08-05 15:55:00-04:00,long
open,CVX,144.395,2024-08-05 09:36:00-04:00,short
close,CVX,145.67,2024-08-05 14:20:00-04:00,short
open,NVDA,103.235,2024-08-06 09:54:00-04:00,short
close,NVDA,104.5274,2024-08-06 10:05:00-04:00,short
open,AMD,133.07,2024-08-06 09:57:00-04:00,short
close,AMD,130.47,2024-08-06 15:55:00-04:00,short
open,CRWD,224.735,2024-08-06 09:39:00-04:00,short
close,CRWD,226.65,2024-08-06 10:00:00-04:00,short
open,MRNA,80.89,2024-08-06 09:36:00-04:00,short
close,MRNA,81.8,2024-08-06 09:40:00-04:00,short
open,TSLA,198.58,2024-08-06 10:04:00-04:00,short
close,TSLA,201.01,2024-08-06 12:15:00-04:00,short
open,V,256.705,2024-08-06 09:38:00-04:00,short
close,V,258.83,2024-08-06 10:00:00-04:00,short
open,GOOGL,158.81,2024-08-06 10:43:00-04:00,short
close,GOOGL,160.04,2024-08-06 13:05:00-04:00,short
open,CVNA,133.72,2024-08-06 09:41:00-04:00,short
close,CVNA,135.33,2024-08-06 09:45:00-04:00,short
open,GOOG,160.3,2024-08-06 10:42:00-04:00,short
close,GOOG,161.55,2024-08-06 12:55:00-04:00,short
open,MU,92.1394,2024-08-07 09:36:00-04:00,short
close,MU,86.6794,2024-08-07 15:55:00-04:00,short
open,AMZN,164.62,2024-08-08 10:02:00-04:00,short
close,AMZN,165.99,2024-08-08 13:30:00-04:00,short
open,AMD,131.3875,2024-08-08 09:59:00-04:00,short
close,AMD,132.5433,2024-08-08 10:05:00-04:00,short
open,META,510.815,2024-08-09 09:36:00-04:00,short
close,META,514.9499,2024-08-09 11:00:00-04:00,short
open,QCOM,159.6,2024-08-12 10:08:00-04:00,short
close,QCOM,161.47,2024-08-12 10:35:00-04:00,short
open,COIN,193.82,2024-08-12 09:36:00-04:00,long
close,COIN,190.375,2024-08-12 09:45:00-04:00,long
open,MSTR,135.035,2024-08-12 09:36:00-04:00,long
close,MSTR,132.6,2024-08-12 09:40:00-04:00,long
open,AMAT,195.44,2024-08-13 09:45:00-04:00,short
close,AMAT,197.1275,2024-08-13 09:50:00-04:00,short
open,META,523.21,2024-08-13 09:50:00-04:00,long
close,META,528.2,2024-08-13 15:55:00-04:00,long
open,TSM,167.02,2024-08-13 09:36:00-04:00,short
close,TSM,168.29,2024-08-13 09:45:00-04:00,short
open,AAPL,220.34,2024-08-13 09:40:00-04:00,long
close,AAPL,220.825,2024-08-13 15:55:00-04:00,long
open,NVDA,112.16,2024-08-13 09:36:00-04:00,short
close,NVDA,113.4099,2024-08-13 09:45:00-04:00,short
open,COIN,198.55,2024-08-14 09:37:00-04:00,short
close,COIN,196.47,2024-08-14 15:55:00-04:00,short
open,NVDA,117.447,2024-08-14 09:36:00-04:00,short
close,NVDA,118.3494,2024-08-14 11:55:00-04:00,short
open,AMD,141.6275,2024-08-14 09:36:00-04:00,short
close,AMD,140.84,2024-08-14 15:55:00-04:00,short
open,MSFT,419.51,2024-08-15 09:54:00-04:00,short
close,MSFT,420.58,2024-08-15 15:55:00-04:00,short
open,META,530.43,2024-08-15 09:39:00-04:00,short
close,META,535.1,2024-08-15 09:55:00-04:00,short
open,CVNA,144.3705,2024-08-15 09:37:00-04:00,short
close,CVNA,146.435,2024-08-15 10:25:00-04:00,short
open,BA,171.7607,2024-08-15 09:54:00-04:00,long
close,BA,176.31,2024-08-15 15:55:00-04:00,long
open,ASTS,32.91,2024-08-16 09:38:00-04:00,long
close,ASTS,31.4895,2024-08-16 10:10:00-04:00,long
open,TSLA,214.36,2024-08-16 09:36:00-04:00,long
close,TSLA,216.55,2024-08-16 15:55:00-04:00,long
open,MSTR,134.06,2024-08-16 09:43:00-04:00,long
close,MSTR,133.01,2024-08-16 10:05:00-04:00,long
open,MSTR,135.035,2024-08-19 09:36:00-04:00,long
close,MSTR,132.88,2024-08-19 09:50:00-04:00,long
open,TSLA,216.7052,2024-08-19 09:42:00-04:00,short
close,TSLA,219.27,2024-08-19 09:45:00-04:00,short
open,ASTS,31.8784,2024-08-19 09:37:00-04:00,long
close,ASTS,38.3001,2024-08-19 15:55:00-04:00,long
open,TXN,205.83,2024-08-21 09:39:00-04:00,short
close,TXN,207.52,2024-08-21 09:50:00-04:00,short
open,EL,93.7,2024-08-22 09:36:00-04:00,short
close,EL,91.63,2024-08-22 15:55:00-04:00,short
open,TGT,157.755,2024-08-22 09:37:00-04:00,short
close,TGT,159.73,2024-08-22 10:30:00-04:00,short
open,PDD,141.93,2024-08-23 09:36:00-04:00,short
close,PDD,139.615,2024-08-23 15:55:00-04:00,short
open,QCOM,171.685,2024-08-23 09:40:00-04:00,short
close,QCOM,173.82,2024-08-23 10:00:00-04:00,short
open,AMD,156.98,2024-08-26 09:43:00-04:00,long
close,AMD,155.55,2024-08-26 09:45:00-04:00,long
open,COIN,199.315,2024-08-27 09:36:00-04:00,short
close,COIN,198.15,2024-08-27 15:55:00-04:00,short
open,ARM,127.58,2024-08-27 09:37:00-04:00,long
close,ARM,126.4,2024-08-27 09:40:00-04:00,long
open,MSFT,415.2,2024-08-29 14:28:00-04:00,long
close,MSFT,411.98,2024-08-29 15:50:00-04:00,long
open,META,522.78,2024-08-29 09:37:00-04:00,long
close,META,518.15,2024-08-29 14:30:00-04:00,long
open,ARM,127.81,2024-08-29 09:41:00-04:00,long
close,ARM,131.94,2024-08-29 15:55:00-04:00,long
open,MSTR,138.83,2024-08-29 09:36:00-04:00,long
close,MSTR,137.65,2024-08-29 09:35:00-04:00,long
open,TSM,170.84,2024-08-29 09:39:00-04:00,long
close,TSM,169.51,2024-08-29 14:35:00-04:00,long
open,AMD,149.034,2024-08-29 09:36:00-04:00,long
close,AMD,147.44,2024-08-29 09:40:00-04:00,long
open,AVGO,160.94,2024-08-29 09:37:00-04:00,long
close,AVGO,159.435,2024-08-29 09:40:00-04:00,long
open,MSFT,416.7,2024-09-03 09:38:00-04:00,short
close,MSFT,408.97,2024-09-03 15:55:00-04:00,short
open,NVDA,113.73,2024-09-03 09:36:00-04:00,short
close,NVDA,108.0408,2024-09-03 15:55:00-04:00,short
open,TSLA,216.73,2024-09-03 09:40:00-04:00,long
close,TSLA,214.63,2024-09-03 09:40:00-04:00,long
open,AAPL,227.51,2024-09-03 09:37:00-04:00,short
close,AAPL,222.19,2024-09-03 15:55:00-04:00,short
open,AMD,144.5,2024-09-03 09:36:00-04:00,short
close,AMD,136.83,2024-09-03 15:55:00-04:00,short
open,TSM,161.5,2024-09-04 09:36:00-04:00,long
close,TSM,160.245,2024-09-04 14:55:00-04:00,long
open,MSFT,409.765,2024-09-05 10:58:00-04:00,long
close,MSFT,406.66,2024-09-05 12:10:00-04:00,long
open,TSLA,225.7814,2024-09-05 11:50:00-04:00,long
close,TSLA,229.46,2024-09-05 15:55:00-04:00,long
open,META,515.03,2024-09-05 09:44:00-04:00,long
close,META,516.58,2024-09-05 15:55:00-04:00,long
open,AMD,139.29,2024-09-05 11:01:00-04:00,long
close,AMD,139.01,2024-09-05 15:55:00-04:00,long
open,AMZN,176.9685,2024-09-05 11:32:00-04:00,long
close,AMZN,177.6,2024-09-05 15:55:00-04:00,long
open,NVDA,107.0625,2024-09-05 11:20:00-04:00,long
close,NVDA,106.25,2024-09-05 11:30:00-04:00,long
open,CRWD,255.66,2024-09-06 09:36:00-04:00,long
close,CRWD,253.33,2024-09-06 09:35:00-04:00,long
open,TSM,161.13,2024-09-09 09:36:00-04:00,long
close,TSM,162.29,2024-09-09 15:55:00-04:00,long
open,AMAT,177.83,2024-09-09 10:08:00-04:00,short
close,AMAT,177.03,2024-09-09 15:55:00-04:00,short
open,TSM,159.5062,2024-09-10 09:37:00-04:00,short
close,TSM,160.73,2024-09-10 13:30:00-04:00,short
open,TSLA,222.87,2024-09-10 09:36:00-04:00,long
close,TSLA,220.3891,2024-09-10 09:35:00-04:00,long
open,AAPL,218.6,2024-09-10 10:05:00-04:00,short
close,AAPL,220.535,2024-09-10 13:10:00-04:00,short
open,TSLA,221.7635,2024-09-11 09:41:00-04:00,short
close,TSLA,224.38,2024-09-11 13:45:00-04:00,short
open,SMMT,26.01,2024-09-12 10:42:00-04:00,long
close,SMMT,27.46,2024-09-12 15:55:00-04:00,long
open,TSLA,228.25,2024-09-12 09:47:00-04:00,long
close,TSLA,229.41,2024-09-12 15:55:00-04:00,long
open,AAPL,214.955,2024-09-16 09:38:00-04:00,short
close,AAPL,217.165,2024-09-16 10:10:00-04:00,short
open,QCOM,164.61,2024-09-16 09:37:00-04:00,short
close,QCOM,165.89,2024-09-16 09:50:00-04:00,short
open,MSTR,134.4678,2024-09-16 09:37:00-04:00,short
close,MSTR,135.97,2024-09-16 09:50:00-04:00,short
open,TSM,168.11,2024-09-16 09:37:00-04:00,short
close,TSM,169.44,2024-09-16 10:00:00-04:00,short
open,TSLA,224.594,2024-09-16 09:37:00-04:00,short
close,TSLA,226.38,2024-09-16 09:55:00-04:00,short
open,NVDA,114.82,2024-09-16 09:36:00-04:00,short
close,NVDA,116.09,2024-09-16 09:40:00-04:00,short
open,MSFT,431.05,2024-09-16 09:38:00-04:00,short
close,MSFT,431.45,2024-09-16 15:55:00-04:00,short
open,AVGO,162.97,2024-09-16 09:37:00-04:00,short
close,AVGO,164.46,2024-09-16 10:00:00-04:00,short
open,AMZN,187.31,2024-09-17 12:22:00-04:00,long
close,AMZN,186.75,2024-09-17 15:55:00-04:00,long
open,TSLA,228.32,2024-09-18 09:40:00-04:00,short
close,TSLA,230.2144,2024-09-18 13:10:00-04:00,short
open,MSFT,434.92,2024-09-18 14:00:00-04:00,short
close,MSFT,431.19,2024-09-18 15:55:00-04:00,short
open,CRM,259.85,2024-09-19 09:37:00-04:00,short
close,CRM,262.57,2024-09-19 11:15:00-04:00,short
open,AMZN,190.25,2024-09-19 09:41:00-04:00,short
close,AMZN,189.7816,2024-09-19 15:55:00-04:00,short
open,AMAT,193.51,2024-09-19 09:36:00-04:00,short
close,AMAT,195.54,2024-09-19 10:20:00-04:00,short
open,AMD,153.425,2024-09-19 09:38:00-04:00,short
close,AMD,154.95,2024-09-19 10:00:00-04:00,short
open,DELL,118.76,2024-09-19 09:37:00-04:00,short
close,DELL,117.94,2024-09-19 15:55:00-04:00,short
open,PG,173.9314,2024-09-23 10:25:00-04:00,short
close,PG,173.63,2024-09-23 15:55:00-04:00,short
open,AAPL,227.545,2024-09-23 09:38:00-04:00,short
close,AAPL,226.284,2024-09-23 15:55:00-04:00,short
open,NEE,83.395,2024-09-23 09:38:00-04:00,short
close,NEE,84.045,2024-09-23 11:20:00-04:00,short
open,AVGO,170.76,2024-09-23 11:45:00-04:00,short
close,AVGO,172.1406,2024-09-23 15:00:00-04:00,short
open,DELL,117.2066,2024-09-23 09:37:00-04:00,short
close,DELL,117.4124,2024-09-23 15:55:00-04:00,short
open,V,278.7699,2024-09-24 09:46:00-04:00,short
close,V,273.1003,2024-09-24 15:55:00-04:00,short
open,META,562.95,2024-09-24 11:12:00-04:00,short
close,META,562.41,2024-09-24 15:55:00-04:00,short
open,VST,115.71,2024-09-25 09:55:00-04:00,long
close,VST,118.895,2024-09-25 15:55:00-04:00,long
open,TSLA,255.2795,2024-09-25 09:39:00-04:00,long
close,TSLA,256.775,2024-09-25 15:55:00-04:00,long
open,ARM,145.4672,2024-09-25 09:41:00-04:00,long
close,ARM,145.84,2024-09-25 15:55:00-04:00,long
open,MSTR,153.18,2024-09-25 09:41:00-04:00,long
close,MSTR,152.12,2024-09-25 15:55:00-04:00,long
open,AAPL,224.915,2024-09-25 13:47:00-04:00,long
close,AAPL,226.07,2024-09-25 15:55:00-04:00,long
open,LRCX,85.108,2024-09-26 09:37:00-04:00,short
close,LRCX,85.8796,2024-09-26 15:20:00-04:00,short
open,QCOM,173.025,2024-09-26 09:38:00-04:00,short
close,QCOM,172.38,2024-09-26 15:55:00-04:00,short
open,MSFT,432.45,2024-09-26 09:49:00-04:00,short
close,MSFT,430.85,2024-09-26 15:55:00-04:00,short
open,AMD,167.8614,2024-09-26 09:36:00-04:00,long
close,AMD,166.1,2024-09-26 10:30:00-04:00,long
open,PDD,133.24,2024-09-27 09:36:00-04:00,short
close,PDD,134.75,2024-09-27 09:40:00-04:00,short
open,AVGO,175.43,2024-09-27 09:38:00-04:00,short
close,AVGO,172.95,2024-09-27 15:55:00-04:00,short
open,PDD,139.629,2024-09-30 09:48:00-04:00,short
close,PDD,142.68,2024-09-30 09:50:00-04:00,short
open,TSM,174.87,2024-09-30 09:59:00-04:00,long
close,TSM,173.486,2024-09-30 11:35:00-04:00,long
open,NVDA,119.26,2024-09-30 10:17:00-04:00,long
close,NVDA,121.37,2024-09-30 15:55:00-04:00,long
open,NKE,82.95,2024-10-02 09:37:00-04:00,short
close,NKE,83.645,2024-10-02 10:55:00-04:00,short
open,MSFT,419.3099,2024-10-02 11:19:00-04:00,short
close,MSFT,417.42,2024-10-02 15:55:00-04:00,short
open,BIDU,109.325,2024-10-03 09:36:00-04:00,long
close,BIDU,109.23,2024-10-03 15:55:00-04:00,long
open,TSLA,248.5501,2024-10-03 09:39:00-04:00,long
close,TSLA,246.3542,2024-10-03 10:10:00-04:00,long
open,BABA,111.693208,2024-10-03 09:37:00-04:00,long
close,BABA,112.895,2024-10-03 15:55:00-04:00,long
open,MSFT,418.495,2024-10-04 09:38:00-04:00,long
close,MSFT,416.26,2024-10-04 15:55:00-04:00,long
open,META,586.32,2024-10-04 09:39:00-04:00,long
close,META,596.225,2024-10-04 15:55:00-04:00,long
open,CEG,278.205,2024-10-04 09:36:00-04:00,long
close,CEG,285.7356,2024-10-04 15:55:00-04:00,long
open,COIN,168.714,2024-10-04 09:54:00-04:00,long
close,COIN,166.2301,2024-10-04 10:05:00-04:00,long
open,MSFT,415.37,2024-10-07 09:38:00-04:00,long
close,MSFT,411.45,2024-10-07 14:30:00-04:00,long
open,BA,156.585,2024-10-07 09:38:00-04:00,long
close,BA,155.33,2024-10-07 14:35:00-04:00,long
open,SMCI,46.34,2024-10-08 09:53:00-04:00,short
close,SMCI,45.385,2024-10-08 15:55:00-04:00,short
open,COIN,168.46,2024-10-08 09:38:00-04:00,long
close,COIN,166.9,2024-10-08 09:45:00-04:00,long
open,FUTU,103.5,2024-10-09 09:36:00-04:00,short
close,FUTU,104.59,2024-10-09 09:40:00-04:00,short
open,MSTR,186.625,2024-10-09 09:37:00-04:00,short
close,MSTR,188.1655,2024-10-09 09:35:00-04:00,short
open,META,591.9058,2024-10-09 14:44:00-04:00,short
close,META,590.735,2024-10-09 15:55:00-04:00,short
open,TSM,185.155,2024-10-09 10:59:00-04:00,short
close,TSM,186.87,2024-10-09 15:50:00-04:00,short
open,AMD,171.5,2024-10-09 10:15:00-04:00,short
close,AMD,171.2,2024-10-09 15:55:00-04:00,short
open,TSLA,241.4,2024-10-09 09:40:00-04:00,short
close,TSLA,243.26,2024-10-09 10:00:00-04:00,short
open,COIN,168.045,2024-10-09 09:36:00-04:00,long
close,COIN,166.5469,2024-10-09 10:40:00-04:00,long
open,MSTR,186.6,2024-10-10 09:37:00-04:00,short
close,MSTR,188.24,2024-10-10 12:00:00-04:00,short
open,TSLA,241.06,2024-10-10 11:57:00-04:00,short
close,TSLA,239.08,2024-10-10 15:55:00-04:00,short
open,FUTU,107.24,2024-10-10 11:17:00-04:00,short
close,FUTU,108.08,2024-10-10 11:50:00-04:00,short
open,JPM,219.74,2024-10-11 09:39:00-04:00,long
close,JPM,222.56,2024-10-11 15:55:00-04:00,long
open,TSM,189.47,2024-10-11 09:43:00-04:00,long
close,TSM,190.965,2024-10-11 15:55:00-04:00,long
open,BA,146.7792,2024-10-14 09:37:00-04:00,short
close,BA,148.0,2024-10-14 10:50:00-04:00,short
open,AAPL,230.17,2024-10-14 10:12:00-04:00,long
close,AAPL,231.33,2024-10-14 15:55:00-04:00,long
open,FUTU,108.0006,2024-10-14 09:36:00-04:00,short
close,FUTU,110.84,2024-10-14 09:45:00-04:00,short
open,META,588.21,2024-10-15 09:40:00-04:00,short
close,META,585.27,2024-10-15 15:55:00-04:00,short
open,MSTR,205.7,2024-10-15 09:41:00-04:00,short
close,MSTR,208.83,2024-10-15 09:55:00-04:00,short
open,TSLA,222.16,2024-10-15 09:39:00-04:00,long
close,TSLA,220.4124,2024-10-15 10:05:00-04:00,long
open,JPM,223.3,2024-10-15 09:47:00-04:00,short
close,JPM,225.035,2024-10-15 11:20:00-04:00,short
open,AMAT,189.8,2024-10-16 10:25:00-04:00,short
close,AMAT,184.2015,2024-10-16 15:55:00-04:00,short
open,AMAT,186.47,2024-10-17 09:36:00-04:00,short
close,AMAT,187.87,2024-10-17 09:45:00-04:00,short
open,FUTU,89.5,2024-10-17 09:40:00-04:00,short
close,FUTU,89.51,2024-10-17 15:55:00-04:00,short
open,TSLA,219.736,2024-10-17 09:37:00-04:00,short
close,TSLA,221.5366,2024-10-17 13:30:00-04:00,short
open,MSTR,187.2955,2024-10-17 09:36:00-04:00,short
close,MSTR,189.7999,2024-10-17 09:35:00-04:00,short
open,QCOM,172.13,2024-10-17 09:48:00-04:00,short
close,QCOM,173.613,2024-10-17 10:10:00-04:00,short
open,TCOM,61.64,2024-10-18 09:37:00-04:00,short
close,TCOM,61.265,2024-10-18 15:55:00-04:00,short
open,AAPL,234.98,2024-10-18 09:42:00-04:00,short
close,AAPL,235.0625,2024-10-18 15:55:00-04:00,short
open,COIN,212.99,2024-10-21 09:57:00-04:00,short
close,COIN,214.875,2024-10-21 10:05:00-04:00,short
open,MSTR,212.4401,2024-10-21 09:57:00-04:00,short
close,MSTR,214.62,2024-10-21 10:05:00-04:00,short
open,META,572.59,2024-10-21 09:41:00-04:00,long
close,META,574.34,2024-10-21 15:55:00-04:00,long
open,MSFT,428.91,2024-10-23 09:55:00-04:00,short
close,MSFT,424.42,2024-10-23 15:55:00-04:00,short
open,MSTR,222.72,2024-10-24 09:36:00-04:00,long
close,MSTR,220.436,2024-10-24 12:10:00-04:00,long
open,COIN,213.57,2024-10-28 09:38:00-04:00,long
close,COIN,211.85,2024-10-28 11:05:00-04:00,long
open,GOOG,169.48,2024-10-28 10:30:00-04:00,short
close,GOOG,168.35,2024-10-28 15:55:00-04:00,short
open,GOOGL,167.7574,2024-10-28 10:30:00-04:00,short
close,GOOGL,166.74,2024-10-28 15:55:00-04:00,short
open,FUTU,98.0706,2024-10-29 09:36:00-04:00,short
close,FUTU,98.8798,2024-10-29 12:40:00-04:00,short
open,META,578.26,2024-10-29 09:42:00-04:00,short
close,META,583.5299,2024-10-29 10:30:00-04:00,short
open,DJT,48.055,2024-10-30 09:36:00-04:00,long
close,DJT,47.235,2024-10-30 09:45:00-04:00,long
open,GOOG,176.21,2024-10-31 10:01:00-04:00,long
close,GOOG,174.7,2024-10-31 12:25:00-04:00,long
open,MRK,99.62,2024-10-31 09:39:00-04:00,short
close,MRK,101.5,2024-10-31 09:40:00-04:00,short
open,GOOGL,174.35,2024-10-31 10:29:00-04:00,long
close,GOOGL,171.9501,2024-10-31 12:30:00-04:00,long
open,GE,172.33,2024-10-31 09:44:00-04:00,long
close,GE,170.555,2024-10-31 10:00:00-04:00,long
open,CVX,154.38,2024-11-01 10:34:00-04:00,long
close,CVX,153.2,2024-11-01 10:45:00-04:00,long
open,AMD,141.96,2024-11-01 09:39:00-04:00,short
close,AMD,143.29,2024-11-01 10:25:00-04:00,short
open,TSLA,241.77,2024-11-04 09:45:00-05:00,short
close,TSLA,243.66,2024-11-04 09:55:00-05:00,short
open,MSTR,229.05,2024-11-04 09:36:00-05:00,long
close,MSTR,226.27,2024-11-04 11:15:00-05:00,long
open,GOOG,170.695,2024-11-04 09:43:00-05:00,short
close,GOOG,170.67,2024-11-04 15:55:00-05:00,short
open,GOOGL,169.31,2024-11-04 09:43:00-05:00,short
close,GOOGL,169.23,2024-11-04 15:55:00-05:00,short
open,MSTR,239.76,2024-11-05 09:47:00-05:00,long
close,MSTR,236.8462,2024-11-05 10:20:00-05:00,long
open,COIN,190.39,2024-11-05 09:37:00-05:00,long
close,COIN,193.95,2024-11-05 15:55:00-05:00,long
open,TSM,194.88,2024-11-05 13:57:00-05:00,long
close,TSM,195.36,2024-11-05 15:55:00-05:00,long
open,ENPH,75.4948,2024-11-06 10:06:00-05:00,short
close,ENPH,76.7,2024-11-06 10:05:00-05:00,short
open,COIN,229.1637,2024-11-06 09:40:00-05:00,long
close,COIN,226.8534,2024-11-06 09:40:00-05:00,long
open,CNC,62.35,2024-11-06 09:36:00-05:00,long
close,CNC,61.79,2024-11-06 11:05:00-05:00,long
open,MRNA,54.05,2024-11-07 09:43:00-05:00,short
close,MRNA,50.24,2024-11-07 15:55:00-05:00,short
open,COIN,246.9627,2024-11-07 09:37:00-05:00,long
close,COIN,244.17,2024-11-07 09:40:00-05:00,long
open,ALAB,99.0499,2024-11-07 09:36:00-05:00,short
close,ALAB,94.54,2024-11-07 15:55:00-05:00,short
open,UPST,69.84,2024-11-08 09:36:00-05:00,long
close,UPST,81.13,2024-11-08 15:55:00-05:00,long
open,VST,141.47,2024-11-08 09:51:00-05:00,long
close,VST,140.1,2024-11-08 09:55:00-05:00,long
open,COIN,264.235,2024-11-08 09:39:00-05:00,long
close,COIN,261.96,2024-11-08 11:55:00-05:00,long
open,APP,276.82,2024-11-11 09:36:00-05:00,short
close,APP,278.9,2024-11-11 11:15:00-05:00,short
open,MSTR,299.59,2024-11-11 09:40:00-05:00,long
close,MSTR,294.1,2024-11-11 09:40:00-05:00,long
open,META,592.3399,2024-11-12 10:03:00-05:00,long
close,META,587.3101,2024-11-12 10:30:00-05:00,long
open,MU,104.345,2024-11-12 09:41:00-05:00,short
close,MU,104.075,2024-11-12 15:55:00-05:00,short
open,LLY,829.58,2024-11-12 09:42:00-05:00,short
close,LLY,820.175,2024-11-12 15:55:00-05:00,short
open,AFRM,56.96,2024-11-12 09:37:00-05:00,long
close,AFRM,56.2974,2024-11-12 09:40:00-05:00,long
open,RKLB,20.0599,2024-11-13 09:59:00-05:00,long
close,RKLB,19.85,2024-11-13 13:35:00-05:00,long
open,TSLA,341.8308,2024-11-13 09:37:00-05:00,long
close,TSLA,338.79,2024-11-13 09:45:00-05:00,long
open,HON,234.9,2024-11-13 09:37:00-05:00,short
close,HON,232.54,2024-11-13 15:55:00-05:00,short
open,VRT,122.44,2024-11-14 10:07:00-05:00,short
close,VRT,121.06,2024-11-14 15:55:00-05:00,short
open,APP,291.1255,2024-11-14 09:43:00-05:00,long
close,APP,284.92,2024-11-14 10:20:00-05:00,long
open,CRM,326.56,2024-11-15 09:46:00-05:00,long
close,CRM,325.2,2024-11-15 15:55:00-05:00,long
open,META,568.75,2024-11-15 09:45:00-05:00,short
close,META,554.28,2024-11-15 15:55:00-05:00,short
open,ARM,129.705,2024-11-15 09:37:00-05:00,short
close,ARM,128.725,2024-11-15 15:55:00-05:00,short
open,DIS,112.085,2024-11-15 09:37:00-05:00,long
close,DIS,114.99,2024-11-15 15:55:00-05:00,long
open,UPST,65.44,2024-11-15 09:39:00-05:00,short
close,UPST,66.845,2024-11-15 09:45:00-05:00,short
open,NVDA,143.7301,2024-11-15 09:36:00-05:00,short
close,NVDA,142.1699,2024-11-15 15:55:00-05:00,short
open,PLTR,62.215,2024-11-18 11:11:00-05:00,short
close,PLTR,61.3531,2024-11-18 15:55:00-05:00,short
open,AMD,138.4094,2024-11-18 09:48:00-05:00,long
close,AMD,138.7,2024-11-18 15:55:00-05:00,long
open,QCOM,163.345,2024-11-18 09:41:00-05:00,long
close,QCOM,164.54,2024-11-18 15:55:00-05:00,long
open,SMCI,25.9991,2024-11-19 09:38:00-05:00,short
close,SMCI,27.4101,2024-11-19 09:45:00-05:00,short
open,VRT,127.01,2024-11-19 09:36:00-05:00,long
close,VRT,140.685,2024-11-19 15:55:00-05:00,long
open,DELL,133.23,2024-11-19 09:42:00-05:00,short
close,DELL,134.47,2024-11-19 10:15:00-05:00,short
open,MSTR,471.184,2024-11-20 09:37:00-05:00,long
close,MSTR,465.25,2024-11-20 09:35:00-05:00,long
open,META,565.49,2024-11-20 11:56:00-05:00,short
close,META,565.85,2024-11-20 15:55:00-05:00,short
open,NVDA,145.87,2024-11-20 10:55:00-05:00,short
close,NVDA,145.785,2024-11-20 15:55:00-05:00,short
open,SNOW,164.35,2024-11-21 09:36:00-05:00,long
close,SNOW,171.61,2024-11-21 15:55:00-05:00,long
open,PDD,108.24,2024-11-21 09:36:00-05:00,long
close,PDD,105.975,2024-11-21 09:40:00-05:00,long
open,MSFT,412.9,2024-11-22 10:09:00-05:00,long
close,MSFT,416.795,2024-11-22 15:55:00-05:00,long
open,JPM,250.24,2024-11-25 09:41:00-05:00,long
close,JPM,250.29,2024-11-25 15:55:00-05:00,long
open,SMCI,36.72,2024-11-25 09:36:00-05:00,long
close,SMCI,36.1793,2024-11-25 09:35:00-05:00,long
open,ARM,141.02,2024-11-25 09:36:00-05:00,long
close,ARM,139.25,2024-11-25 09:50:00-05:00,long
open,COIN,304.73,2024-11-25 09:38:00-05:00,short
close,COIN,307.2237,2024-11-25 10:30:00-05:00,short
open,NVDA,139.93,2024-11-25 09:38:00-05:00,short
close,NVDA,136.02,2024-11-25 15:55:00-05:00,short
open,AAPL,233.98,2024-11-26 10:10:00-05:00,long
close,AAPL,235.105,2024-11-26 15:55:00-05:00,long
open,MRVL,94.27,2024-11-26 09:39:00-05:00,long
close,MRVL,93.41,2024-11-26 09:40:00-05:00,long
open,UAL,100.41,2024-11-26 09:37:00-05:00,long
close,UAL,99.345,2024-11-26 09:40:00-05:00,long
open,ORCL,190.75,2024-11-26 09:55:00-05:00,long
close,ORCL,190.5727,2024-11-26 15:55:00-05:00,long
open,SNOW,170.695,2024-11-27 09:36:00-05:00,short
close,SNOW,171.99,2024-11-27 09:45:00-05:00,short
